track_name,album_name,artist_name,release_date,track_id,danceability,energy,key,loudness,mode,speechiness,acousticness,instrumentalness,liveness,valence,tempo,type,id,uri,track_href,analysis_url,duration_ms,time_signature
There’d Better Be A Mirrorball,The Car,Arctic Monkeys,21-10-22,1zx6GSqLYI2ynzAHnPRKBR,0.521,0.365,3,-10.914,1,0.0317,0.626,0.012,0.185,0.324,143.789,audio_features,1zx6GSqLYI2ynzAHnPRKBR,spotify:track:1zx6GSqLYI2ynzAHnPRKBR,https://api.spotify.com/v1/tracks/1zx6GSqLYI2ynzAHnPRKBR,https://api.spotify.com/v1/audio-analysis/1zx6GSqLYI2ynzAHnPRKBR,265798,4
I Ain’t Quite Where I Think I Am,The Car,Arctic Monkeys,21-10-22,1UwUhKmFxGKs59xiWO60Sx,0.544,0.337,10,-9.846,1,0.0653,0.357,6.34E-05,0.085,0.667,192.685,audio_features,1UwUhKmFxGKs59xiWO60Sx,spotify:track:1UwUhKmFxGKs59xiWO60Sx,https://api.spotify.com/v1/tracks/1UwUhKmFxGKs59xiWO60Sx,https://api.spotify.com/v1/audio-analysis/1UwUhKmFxGKs59xiWO60Sx,191174,4
Sculptures Of Anything Goes,The Car,Arctic Monkeys,21-10-22,5hljqZrl0h7RcIhUnOPuve,0.591,0.309,4,-11.087,0,0.0287,0.704,0.0122,0.102,0.257,71.573,audio_features,5hljqZrl0h7RcIhUnOPuve,spotify:track:5hljqZrl0h7RcIhUnOPuve,https://api.spotify.com/v1/tracks/5hljqZrl0h7RcIhUnOPuve,https://api.spotify.com/v1/audio-analysis/5hljqZrl0h7RcIhUnOPuve,239151,4
Jet Skis On The Moat,The Car,Arctic Monkeys,21-10-22,2HReNSxrMRcJ0cYMzKAJK6,0.651,0.244,7,-11.925,1,0.0544,0.856,0.00165,0.0895,0.395,149.759,audio_features,2HReNSxrMRcJ0cYMzKAJK6,spotify:track:2HReNSxrMRcJ0cYMzKAJK6,https://api.spotify.com/v1/tracks/2HReNSxrMRcJ0cYMzKAJK6,https://api.spotify.com/v1/audio-analysis/2HReNSxrMRcJ0cYMzKAJK6,197576,3
Body Paint,The Car,Arctic Monkeys,21-10-22,42GuKw49pPxNAkIhWGwgFs,0.556,0.315,7,-11.651,0,0.0625,0.568,0,0.0774,0.256,143.327,audio_features,42GuKw49pPxNAkIhWGwgFs,spotify:track:42GuKw49pPxNAkIhWGwgFs,https://api.spotify.com/v1/tracks/42GuKw49pPxNAkIhWGwgFs,https://api.spotify.com/v1/audio-analysis/42GuKw49pPxNAkIhWGwgFs,290584,4
The Car,The Car,Arctic Monkeys,21-10-22,0C6dSPCqwKqwos6s1CrDrh,0.428,0.365,4,-11.889,0,0.0276,0.78,0.0033,0.113,0.236,94.033,audio_features,0C6dSPCqwKqwos6s1CrDrh,spotify:track:0C6dSPCqwKqwos6s1CrDrh,https://api.spotify.com/v1/tracks/0C6dSPCqwKqwos6s1CrDrh,https://api.spotify.com/v1/audio-analysis/0C6dSPCqwKqwos6s1CrDrh,198554,3
Big Ideas,The Car,Arctic Monkeys,21-10-22,4KPi4VNvPOfKqIp1sx19Xf,0.548,0.328,9,-9.973,0,0.0296,0.663,0.00365,0.0972,0.343,67.023,audio_features,4KPi4VNvPOfKqIp1sx19Xf,spotify:track:4KPi4VNvPOfKqIp1sx19Xf,https://api.spotify.com/v1/tracks/4KPi4VNvPOfKqIp1sx19Xf,https://api.spotify.com/v1/audio-analysis/4KPi4VNvPOfKqIp1sx19Xf,237984,3
Hello You,The Car,Arctic Monkeys,21-10-22,5ygEUpyZy5qtZ1423zymBW,0.394,0.452,4,-9.923,0,0.0321,0.276,0.00998,0.193,0.653,169.298,audio_features,5ygEUpyZy5qtZ1423zymBW,spotify:track:5ygEUpyZy5qtZ1423zymBW,https://api.spotify.com/v1/tracks/5ygEUpyZy5qtZ1423zymBW,https://api.spotify.com/v1/audio-analysis/5ygEUpyZy5qtZ1423zymBW,244932,4
Mr Schwartz,The Car,Arctic Monkeys,21-10-22,5fClRRa7P9nPIpstj50veV,0.569,0.335,11,-13.637,0,0.0322,0.802,0.018,0.0834,0.388,127.587,audio_features,5fClRRa7P9nPIpstj50veV,spotify:track:5fClRRa7P9nPIpstj50veV,https://api.spotify.com/v1/tracks/5fClRRa7P9nPIpstj50veV,https://api.spotify.com/v1/audio-analysis/5fClRRa7P9nPIpstj50veV,210012,4
Perfect Sense,The Car,Arctic Monkeys,21-10-22,0z5x3VmmQ7cyTeOP7VAf3T,0.52,0.478,4,-10.862,1,0.0276,0.61,0.00122,0.105,0.545,82.932,audio_features,0z5x3VmmQ7cyTeOP7VAf3T,spotify:track:0z5x3VmmQ7cyTeOP7VAf3T,https://api.spotify.com/v1/tracks/0z5x3VmmQ7cyTeOP7VAf3T,https://api.spotify.com/v1/audio-analysis/0z5x3VmmQ7cyTeOP7VAf3T,167380,4
Four Out Of Five - Live,Live at the Royal Albert Hall,Arctic Monkeys,04-12-20,5dthj0uH1DJAbxC6B9n4Co,0.463,0.802,9,-7.804,0,0.0711,0.0887,0,0.949,0.451,129.643,audio_features,5dthj0uH1DJAbxC6B9n4Co,spotify:track:5dthj0uH1DJAbxC6B9n4Co,https://api.spotify.com/v1/tracks/5dthj0uH1DJAbxC6B9n4Co,https://api.spotify.com/v1/audio-analysis/5dthj0uH1DJAbxC6B9n4Co,331520,4
Brianstorm - Live,Live at the Royal Albert Hall,Arctic Monkeys,04-12-20,1RJxGCTCROHUFVWMFOWPYM,0.291,0.934,0,-8.238,1,0.17,0.0197,0.000707,0.833,0.244,80.602,audio_features,1RJxGCTCROHUFVWMFOWPYM,spotify:track:1RJxGCTCROHUFVWMFOWPYM,https://api.spotify.com/v1/tracks/1RJxGCTCROHUFVWMFOWPYM,https://api.spotify.com/v1/audio-analysis/1RJxGCTCROHUFVWMFOWPYM,209907,4
Crying Lightning - Live,Live at the Royal Albert Hall,Arctic Monkeys,04-12-20,38mecB29TH0gTqIxhM4OK1,0.329,0.867,9,-7.588,0,0.116,0.0167,0,0.442,0.324,104.671,audio_features,38mecB29TH0gTqIxhM4OK1,spotify:track:38mecB29TH0gTqIxhM4OK1,https://api.spotify.com/v1/tracks/38mecB29TH0gTqIxhM4OK1,https://api.spotify.com/v1/audio-analysis/38mecB29TH0gTqIxhM4OK1,240707,4
Do I Wanna Know? - Live,Live at the Royal Albert Hall,Arctic Monkeys,04-12-20,5zDoSmh06F7kjXGIHFhQzh,0.252,0.77,0,-7.925,1,0.0489,0.0924,2.97E-05,0.688,0.305,84.366,audio_features,5zDoSmh06F7kjXGIHFhQzh,spotify:track:5zDoSmh06F7kjXGIHFhQzh,https://api.spotify.com/v1/tracks/5zDoSmh06F7kjXGIHFhQzh,https://api.spotify.com/v1/audio-analysis/5zDoSmh06F7kjXGIHFhQzh,281093,4
Why'd You Only Call Me When You're High? - Live,Live at the Royal Albert Hall,Arctic Monkeys,04-12-20,1VUcb7Ik5bYw0SzXBH9rLr,0.371,0.811,4,-7.591,0,0.0577,0.175,0.00012,0.722,0.533,91.691,audio_features,1VUcb7Ik5bYw0SzXBH9rLr,spotify:track:1VUcb7Ik5bYw0SzXBH9rLr,https://api.spotify.com/v1/tracks/1VUcb7Ik5bYw0SzXBH9rLr,https://api.spotify.com/v1/audio-analysis/1VUcb7Ik5bYw0SzXBH9rLr,183680,4
505 - Live,Live at the Royal Albert Hall,Arctic Monkeys,04-12-20,4Q2vbGXSU28xWveWKp4wra,0.343,0.724,0,-9.384,1,0.0753,0.0133,3.89E-05,0.325,0.186,139.451,audio_features,4Q2vbGXSU28xWveWKp4wra,spotify:track:4Q2vbGXSU28xWveWKp4wra,https://api.spotify.com/v1/tracks/4Q2vbGXSU28xWveWKp4wra,https://api.spotify.com/v1/audio-analysis/4Q2vbGXSU28xWveWKp4wra,275733,4
One Point Perspective - Live,Live at the Royal Albert Hall,Arctic Monkeys,04-12-20,4hZlP9bciuyeBMxPqYHR1C,0.554,0.643,0,-9.395,0,0.0323,0.182,0.0133,0.236,0.818,76.985,audio_features,4hZlP9bciuyeBMxPqYHR1C,spotify:track:4hZlP9bciuyeBMxPqYHR1C,https://api.spotify.com/v1/tracks/4hZlP9bciuyeBMxPqYHR1C,https://api.spotify.com/v1/audio-analysis/4hZlP9bciuyeBMxPqYHR1C,202707,4
Do Me A Favour - Live,Live at the Royal Albert Hall,Arctic Monkeys,04-12-20,3d7DrmuuKPkJxvCX7G7pOZ,0.207,0.837,6,-9.093,0,0.211,0.0355,0.000173,0.758,0.297,173.112,audio_features,3d7DrmuuKPkJxvCX7G7pOZ,spotify:track:3d7DrmuuKPkJxvCX7G7pOZ,https://api.spotify.com/v1/tracks/3d7DrmuuKPkJxvCX7G7pOZ,https://api.spotify.com/v1/audio-analysis/3d7DrmuuKPkJxvCX7G7pOZ,239533,4
Cornerstone - Live,Live at the Royal Albert Hall,Arctic Monkeys,04-12-20,5F3cEp3T5zbvWtBsp2FVzp,0.368,0.779,6,-7.564,0,0.0869,0.153,0.000266,0.892,0.472,76.495,audio_features,5F3cEp3T5zbvWtBsp2FVzp,spotify:track:5F3cEp3T5zbvWtBsp2FVzp,https://api.spotify.com/v1/tracks/5F3cEp3T5zbvWtBsp2FVzp,https://api.spotify.com/v1/audio-analysis/5F3cEp3T5zbvWtBsp2FVzp,221973,4
Knee Socks - Live,Live at the Royal Albert Hall,Arctic Monkeys,04-12-20,5yJKvGzNSgxbyAGmOrIF3t,0.556,0.578,4,-9.992,0,0.0319,0.167,0.0228,0.712,0.268,97.791,audio_features,5yJKvGzNSgxbyAGmOrIF3t,spotify:track:5yJKvGzNSgxbyAGmOrIF3t,https://api.spotify.com/v1/tracks/5yJKvGzNSgxbyAGmOrIF3t,https://api.spotify.com/v1/audio-analysis/5yJKvGzNSgxbyAGmOrIF3t,350467,4
Arabella - Live,Live at the Royal Albert Hall,Arctic Monkeys,04-12-20,29kEMCLEdzXhZgOngvUrPY,0.391,0.825,11,-8.18,0,0.253,0.176,0,0.704,0.291,91.389,audio_features,29kEMCLEdzXhZgOngvUrPY,spotify:track:29kEMCLEdzXhZgOngvUrPY,https://api.spotify.com/v1/tracks/29kEMCLEdzXhZgOngvUrPY,https://api.spotify.com/v1/audio-analysis/29kEMCLEdzXhZgOngvUrPY,246973,4
Tranquility Base Hotel & Casino - Live,Live at the Royal Albert Hall,Arctic Monkeys,04-12-20,1ll6X7gXZtDL4G0eOqfCjQ,0.428,0.75,9,-9.14,0,0.0904,0.251,0.00104,0.705,0.383,142.657,audio_features,1ll6X7gXZtDL4G0eOqfCjQ,spotify:track:1ll6X7gXZtDL4G0eOqfCjQ,https://api.spotify.com/v1/tracks/1ll6X7gXZtDL4G0eOqfCjQ,https://api.spotify.com/v1/audio-analysis/1ll6X7gXZtDL4G0eOqfCjQ,243240,4
She Looks Like Fun - Live,Live at the Royal Albert Hall,Arctic Monkeys,04-12-20,09NwfVvbphzx8H2VHskQAD,0.284,0.635,0,-8.476,1,0.0488,0.171,6.00E-06,0.756,0.385,106.295,audio_features,09NwfVvbphzx8H2VHskQAD,spotify:track:09NwfVvbphzx8H2VHskQAD,https://api.spotify.com/v1/tracks/09NwfVvbphzx8H2VHskQAD,https://api.spotify.com/v1/audio-analysis/09NwfVvbphzx8H2VHskQAD,201773,3
From The Ritz To The Rubble - Live,Live at the Royal Albert Hall,Arctic Monkeys,04-12-20,3JcVulhVMfRmEpWmbEVqkk,0.173,0.918,11,-7.598,0,0.142,0.0909,0,0.957,0.421,173.821,audio_features,3JcVulhVMfRmEpWmbEVqkk,spotify:track:3JcVulhVMfRmEpWmbEVqkk,https://api.spotify.com/v1/tracks/3JcVulhVMfRmEpWmbEVqkk,https://api.spotify.com/v1/audio-analysis/3JcVulhVMfRmEpWmbEVqkk,221947,4
Pretty Visitors - Live,Live at the Royal Albert Hall,Arctic Monkeys,04-12-20,1SaOPXYjSahmVwFSGlCXNI,0.262,0.905,2,-6.681,1,0.0968,0.034,0,0.76,0.274,109.727,audio_features,1SaOPXYjSahmVwFSGlCXNI,spotify:track:1SaOPXYjSahmVwFSGlCXNI,https://api.spotify.com/v1/tracks/1SaOPXYjSahmVwFSGlCXNI,https://api.spotify.com/v1/audio-analysis/1SaOPXYjSahmVwFSGlCXNI,241240,3
Don't Sit Down 'Cause I've Moved Your Chair - Live,Live at the Royal Albert Hall,Arctic Monkeys,04-12-20,1peQof7MvOPkX8ZRWEWKjp,0.267,0.809,2,-8.326,1,0.0678,0.0915,0.00915,0.891,0.38,113.656,audio_features,1peQof7MvOPkX8ZRWEWKjp,spotify:track:1peQof7MvOPkX8ZRWEWKjp,https://api.spotify.com/v1/tracks/1peQof7MvOPkX8ZRWEWKjp,https://api.spotify.com/v1/audio-analysis/1peQof7MvOPkX8ZRWEWKjp,221253,4
I Bet You Look Good On The Dancefloor - Live,Live at the Royal Albert Hall,Arctic Monkeys,04-12-20,4YS0QKXLqqSM3MxlWej009,0.241,0.968,11,-7.381,0,0.378,0.14,6.46E-06,0.92,0.0991,120.412,audio_features,4YS0QKXLqqSM3MxlWej009,spotify:track:4YS0QKXLqqSM3MxlWej009,https://api.spotify.com/v1/tracks/4YS0QKXLqqSM3MxlWej009,https://api.spotify.com/v1/audio-analysis/4YS0QKXLqqSM3MxlWej009,293520,4
Star Treatment - Live,Live at the Royal Albert Hall,Arctic Monkeys,04-12-20,24RoLuJnqJiqzlSIbqVCoG,0.507,0.703,10,-8.529,1,0.0655,0.18,5.84E-06,0.784,0.51,120.299,audio_features,24RoLuJnqJiqzlSIbqVCoG,spotify:track:24RoLuJnqJiqzlSIbqVCoG,https://api.spotify.com/v1/tracks/24RoLuJnqJiqzlSIbqVCoG,https://api.spotify.com/v1/audio-analysis/24RoLuJnqJiqzlSIbqVCoG,335213,4
The View From The Afternoon - Live,Live at the Royal Albert Hall,Arctic Monkeys,04-12-20,6yZMhEmlZDbsH5ayXo0zaO,0.252,0.933,2,-7.33,1,0.244,0.0466,1.09E-06,0.861,0.187,145.98,audio_features,6yZMhEmlZDbsH5ayXo0zaO,spotify:track:6yZMhEmlZDbsH5ayXo0zaO,https://api.spotify.com/v1/tracks/6yZMhEmlZDbsH5ayXo0zaO,https://api.spotify.com/v1/audio-analysis/6yZMhEmlZDbsH5ayXo0zaO,264227,4
R U Mine? - Live,Live at the Royal Albert Hall,Arctic Monkeys,04-12-20,30a6L5cAZgVbqA3QfO0RS5,0.196,0.959,11,-6.71,0,0.15,0.132,0,0.969,0.269,98.424,audio_features,30a6L5cAZgVbqA3QfO0RS5,spotify:track:30a6L5cAZgVbqA3QfO0RS5,https://api.spotify.com/v1/tracks/30a6L5cAZgVbqA3QfO0RS5,https://api.spotify.com/v1/audio-analysis/30a6L5cAZgVbqA3QfO0RS5,371853,4
Star Treatment,Tranquility Base Hotel & Casino,Arctic Monkeys,10-05-18,0b93tWwuoAC0nXe1CfR30I,0.582,0.766,7,-5.028,0,0.0528,0.244,0.00136,0.141,0.665,120.081,audio_features,0b93tWwuoAC0nXe1CfR30I,spotify:track:0b93tWwuoAC0nXe1CfR30I,https://api.spotify.com/v1/tracks/0b93tWwuoAC0nXe1CfR30I,https://api.spotify.com/v1/audio-analysis/0b93tWwuoAC0nXe1CfR30I,354640,4
One Point Perspective,Tranquility Base Hotel & Casino,Arctic Monkeys,10-05-18,1t67WYNfUxfOiwaz7SJ66b,0.714,0.586,8,-4.57,1,0.0419,0.057,0.00464,0.144,0.844,77.104,audio_features,1t67WYNfUxfOiwaz7SJ66b,spotify:track:1t67WYNfUxfOiwaz7SJ66b,https://api.spotify.com/v1/tracks/1t67WYNfUxfOiwaz7SJ66b,https://api.spotify.com/v1/audio-analysis/1t67WYNfUxfOiwaz7SJ66b,208640,4
American Sports,Tranquility Base Hotel & Casino,Arctic Monkeys,10-05-18,2HbYLDA1SigY1ilC94ieVu,0.371,0.865,7,-4.288,0,0.0512,0.00169,0.00304,0.127,0.594,176.724,audio_features,2HbYLDA1SigY1ilC94ieVu,spotify:track:2HbYLDA1SigY1ilC94ieVu,https://api.spotify.com/v1/tracks/2HbYLDA1SigY1ilC94ieVu,https://api.spotify.com/v1/audio-analysis/2HbYLDA1SigY1ilC94ieVu,158040,3
Tranquility Base Hotel & Casino,Tranquility Base Hotel & Casino,Arctic Monkeys,10-05-18,2URDbWGmPz3vhagl25p8OC,0.586,0.837,9,-4.333,0,0.03,0.0396,0.0139,0.224,0.777,142.175,audio_features,2URDbWGmPz3vhagl25p8OC,spotify:track:2URDbWGmPz3vhagl25p8OC,https://api.spotify.com/v1/tracks/2URDbWGmPz3vhagl25p8OC,https://api.spotify.com/v1/audio-analysis/2URDbWGmPz3vhagl25p8OC,211968,4
Golden Trunks,Tranquility Base Hotel & Casino,Arctic Monkeys,10-05-18,0U6Vg6RUmzADUO0Y9fVKft,0.492,0.564,2,-5.809,1,0.0278,0.129,1.85E-05,0.131,0.0894,92.542,audio_features,0U6Vg6RUmzADUO0Y9fVKft,spotify:track:0U6Vg6RUmzADUO0Y9fVKft,https://api.spotify.com/v1/tracks/0U6Vg6RUmzADUO0Y9fVKft,https://api.spotify.com/v1/audio-analysis/0U6Vg6RUmzADUO0Y9fVKft,173627,4
Four Out Of Five,Tranquility Base Hotel & Casino,Arctic Monkeys,10-05-18,5Z5nbOXhsSbySVC7WUc6y9,0.599,0.864,0,-4.31,1,0.069,0.0626,0,0.0717,0.676,130.199,audio_features,5Z5nbOXhsSbySVC7WUc6y9,spotify:track:5Z5nbOXhsSbySVC7WUc6y9,https://api.spotify.com/v1/tracks/5Z5nbOXhsSbySVC7WUc6y9,https://api.spotify.com/v1/audio-analysis/5Z5nbOXhsSbySVC7WUc6y9,312347,4
The World's First Ever Monster Truck Front Flip,Tranquility Base Hotel & Casino,Arctic Monkeys,10-05-18,5rqQTEIVK2PTuXU9GI2wT0,0.602,0.602,10,-5.742,1,0.0303,0.346,0.36,0.0735,0.553,145.075,audio_features,5rqQTEIVK2PTuXU9GI2wT0,spotify:track:5rqQTEIVK2PTuXU9GI2wT0,https://api.spotify.com/v1/tracks/5rqQTEIVK2PTuXU9GI2wT0,https://api.spotify.com/v1/audio-analysis/5rqQTEIVK2PTuXU9GI2wT0,180013,4
Science Fiction,Tranquility Base Hotel & Casino,Arctic Monkeys,10-05-18,6hkfgHhYXyDVYahUOZhGRd,0.542,0.766,7,-5.411,1,0.0282,0.0295,0.0802,0.396,0.644,88.055,audio_features,6hkfgHhYXyDVYahUOZhGRd,spotify:track:6hkfgHhYXyDVYahUOZhGRd,https://api.spotify.com/v1/tracks/6hkfgHhYXyDVYahUOZhGRd,https://api.spotify.com/v1/audio-analysis/6hkfgHhYXyDVYahUOZhGRd,185907,4
She Looks Like Fun,Tranquility Base Hotel & Casino,Arctic Monkeys,10-05-18,60T4FDF1tTcFlXkI08FFhL,0.513,0.773,0,-3.754,1,0.0388,0.00944,0.00358,0.387,0.445,103.944,audio_features,60T4FDF1tTcFlXkI08FFhL,spotify:track:60T4FDF1tTcFlXkI08FFhL,https://api.spotify.com/v1/tracks/60T4FDF1tTcFlXkI08FFhL,https://api.spotify.com/v1/audio-analysis/60T4FDF1tTcFlXkI08FFhL,182560,4
Batphone,Tranquility Base Hotel & Casino,Arctic Monkeys,10-05-18,7aiKdAM9WYW3GzWSA9OXIl,0.674,0.681,5,-5.728,0,0.0355,0.313,0,0.304,0.674,106.525,audio_features,7aiKdAM9WYW3GzWSA9OXIl,spotify:track:7aiKdAM9WYW3GzWSA9OXIl,https://api.spotify.com/v1/tracks/7aiKdAM9WYW3GzWSA9OXIl,https://api.spotify.com/v1/audio-analysis/7aiKdAM9WYW3GzWSA9OXIl,271613,4
The Ultracheese,Tranquility Base Hotel & Casino,Arctic Monkeys,10-05-18,3PhbzvTllkq1rkULafc6ns,0.478,0.555,9,-6.551,1,0.0403,0.624,3.98E-05,0.126,0.426,131.474,audio_features,3PhbzvTllkq1rkULafc6ns,spotify:track:3PhbzvTllkq1rkULafc6ns,https://api.spotify.com/v1/tracks/3PhbzvTllkq1rkULafc6ns,https://api.spotify.com/v1/audio-analysis/3PhbzvTllkq1rkULafc6ns,217720,3
Do I Wanna Know?,AM,Arctic Monkeys,09-09-13,5FVd6KXrgO9B3JPmC8OPst,0.548,0.532,5,-7.596,1,0.0323,0.186,0.000263,0.217,0.405,85.03,audio_features,5FVd6KXrgO9B3JPmC8OPst,spotify:track:5FVd6KXrgO9B3JPmC8OPst,https://api.spotify.com/v1/tracks/5FVd6KXrgO9B3JPmC8OPst,https://api.spotify.com/v1/audio-analysis/5FVd6KXrgO9B3JPmC8OPst,272394,4
R U Mine?,AM,Arctic Monkeys,09-09-13,2AT8iROs4FQueDv2c8q2KE,0.288,0.758,6,-5.692,0,0.0371,0.00616,0,0.303,0.619,97.094,audio_features,2AT8iROs4FQueDv2c8q2KE,spotify:track:2AT8iROs4FQueDv2c8q2KE,https://api.spotify.com/v1/tracks/2AT8iROs4FQueDv2c8q2KE,https://api.spotify.com/v1/audio-analysis/2AT8iROs4FQueDv2c8q2KE,201726,4
One For The Road,AM,Arctic Monkeys,09-09-13,6wNUBZNWFxdUGof6vkaykE,0.415,0.668,0,-6.849,1,0.036,0.212,0.0615,0.27,0.842,180.048,audio_features,6wNUBZNWFxdUGof6vkaykE,spotify:track:6wNUBZNWFxdUGof6vkaykE,https://api.spotify.com/v1/tracks/6wNUBZNWFxdUGof6vkaykE,https://api.spotify.com/v1/audio-analysis/6wNUBZNWFxdUGof6vkaykE,206052,4
Arabella,AM,Arctic Monkeys,09-09-13,7nzsY8vlnKdvGOEE0rjAXZ,0.579,0.558,2,-6.986,1,0.0895,0.0202,1.26E-06,0.212,0.506,179.949,audio_features,7nzsY8vlnKdvGOEE0rjAXZ,spotify:track:7nzsY8vlnKdvGOEE0rjAXZ,https://api.spotify.com/v1/tracks/7nzsY8vlnKdvGOEE0rjAXZ,https://api.spotify.com/v1/audio-analysis/7nzsY8vlnKdvGOEE0rjAXZ,207357,4
I Want It All,AM,Arctic Monkeys,09-09-13,1j9rezdE3YeC7yktZXC1em,0.499,0.81,5,-5.579,1,0.0347,0.000637,0.0748,0.0625,0.288,131.052,audio_features,1j9rezdE3YeC7yktZXC1em,spotify:track:1j9rezdE3YeC7yktZXC1em,https://api.spotify.com/v1/tracks/1j9rezdE3YeC7yktZXC1em,https://api.spotify.com/v1/audio-analysis/1j9rezdE3YeC7yktZXC1em,185406,4
No. 1 Party Anthem,AM,Arctic Monkeys,09-09-13,5TTGoX70AFrTvuEtqHK37S,0.505,0.698,0,-5.563,1,0.0297,0.33,0.0887,0.0966,0.599,115.013,audio_features,5TTGoX70AFrTvuEtqHK37S,spotify:track:5TTGoX70AFrTvuEtqHK37S,https://api.spotify.com/v1/tracks/5TTGoX70AFrTvuEtqHK37S,https://api.spotify.com/v1/audio-analysis/5TTGoX70AFrTvuEtqHK37S,243132,4
Mad Sounds,AM,Arctic Monkeys,09-09-13,75n7mraeMycQOl2sDGYaTe,0.532,0.462,10,-10.71,1,0.03,0.279,0.196,0.101,0.485,80.001,audio_features,75n7mraeMycQOl2sDGYaTe,spotify:track:75n7mraeMycQOl2sDGYaTe,https://api.spotify.com/v1/tracks/75n7mraeMycQOl2sDGYaTe,https://api.spotify.com/v1/audio-analysis/75n7mraeMycQOl2sDGYaTe,215012,4
Fireside,AM,Arctic Monkeys,09-09-13,4atMrAadB7dS8xn9vfk9PQ,0.538,0.953,9,-5.611,0,0.056,0.0234,0.00126,0.113,0.74,100.033,audio_features,4atMrAadB7dS8xn9vfk9PQ,spotify:track:4atMrAadB7dS8xn9vfk9PQ,https://api.spotify.com/v1/tracks/4atMrAadB7dS8xn9vfk9PQ,https://api.spotify.com/v1/audio-analysis/4atMrAadB7dS8xn9vfk9PQ,181049,4
Why'd You Only Call Me When You're High?,AM,Arctic Monkeys,09-09-13,086myS9r57YsLbJpU0TgK9,0.691,0.631,2,-6.478,1,0.0368,0.0483,1.13E-05,0.104,0.8,92.004,audio_features,086myS9r57YsLbJpU0TgK9,spotify:track:086myS9r57YsLbJpU0TgK9,https://api.spotify.com/v1/tracks/086myS9r57YsLbJpU0TgK9,https://api.spotify.com/v1/audio-analysis/086myS9r57YsLbJpU0TgK9,161124,4
Snap Out Of It,AM,Arctic Monkeys,09-09-13,0NdTUS4UiNYCNn5FgVqKQY,0.728,0.638,5,-6.455,0,0.0336,0.249,0,0.116,0.872,130.014,audio_features,0NdTUS4UiNYCNn5FgVqKQY,spotify:track:0NdTUS4UiNYCNn5FgVqKQY,https://api.spotify.com/v1/tracks/0NdTUS4UiNYCNn5FgVqKQY,https://api.spotify.com/v1/audio-analysis/0NdTUS4UiNYCNn5FgVqKQY,193030,4
Knee Socks,AM,Arctic Monkeys,09-09-13,2LGdO5MtFdyphi2EihANZG,0.665,0.542,11,-8.323,0,0.033,0.123,0.00291,0.342,0.587,97.975,audio_features,2LGdO5MtFdyphi2EihANZG,spotify:track:2LGdO5MtFdyphi2EihANZG,https://api.spotify.com/v1/tracks/2LGdO5MtFdyphi2EihANZG,https://api.spotify.com/v1/audio-analysis/2LGdO5MtFdyphi2EihANZG,257563,4
I Wanna Be Yours,AM,Arctic Monkeys,09-09-13,5XeFesFbtLpXzIVDNQP22n,0.464,0.417,0,-9.345,0,0.0256,0.136,0.022,0.0974,0.479,67.528,audio_features,5XeFesFbtLpXzIVDNQP22n,spotify:track:5XeFesFbtLpXzIVDNQP22n,https://api.spotify.com/v1/tracks/5XeFesFbtLpXzIVDNQP22n,https://api.spotify.com/v1/audio-analysis/5XeFesFbtLpXzIVDNQP22n,183956,4
She's Thunderstorms,Suck It and See,Arctic Monkeys,06-06-11,5xw2cHVLw1rlDPp3cL9Zuv,0.505,0.898,7,-4.906,1,0.0329,0.000518,0.00236,0.173,0.731,118.929,audio_features,5xw2cHVLw1rlDPp3cL9Zuv,spotify:track:5xw2cHVLw1rlDPp3cL9Zuv,https://api.spotify.com/v1/tracks/5xw2cHVLw1rlDPp3cL9Zuv,https://api.spotify.com/v1/audio-analysis/5xw2cHVLw1rlDPp3cL9Zuv,234920,4
Black Treacle,Suck It and See,Arctic Monkeys,06-06-11,7EUcOIbJSePmXGvAe7G79C,0.343,0.89,7,-5.759,1,0.0655,0.000821,0,0.0912,0.525,100.061,audio_features,7EUcOIbJSePmXGvAe7G79C,spotify:track:7EUcOIbJSePmXGvAe7G79C,https://api.spotify.com/v1/tracks/7EUcOIbJSePmXGvAe7G79C,https://api.spotify.com/v1/audio-analysis/7EUcOIbJSePmXGvAe7G79C,217440,4
Brick By Brick,Suck It and See,Arctic Monkeys,06-06-11,49HYB8tppaxOsbBfeozPxu,0.285,0.807,2,-4.741,1,0.0528,0.00123,0.00368,0.317,0.542,132.206,audio_features,49HYB8tppaxOsbBfeozPxu,spotify:track:49HYB8tppaxOsbBfeozPxu,https://api.spotify.com/v1/tracks/49HYB8tppaxOsbBfeozPxu,https://api.spotify.com/v1/audio-analysis/49HYB8tppaxOsbBfeozPxu,179907,4
The Hellcat Spangled Shalalala,Suck It and See,Arctic Monkeys,06-06-11,52M1FvGd0AkoUwcHL2L8jv,0.449,0.872,11,-4.992,1,0.0507,0.000793,0.00062,0.0642,0.788,130.22,audio_features,52M1FvGd0AkoUwcHL2L8jv,spotify:track:52M1FvGd0AkoUwcHL2L8jv,https://api.spotify.com/v1/tracks/52M1FvGd0AkoUwcHL2L8jv,https://api.spotify.com/v1/audio-analysis/52M1FvGd0AkoUwcHL2L8jv,180373,4
Don't Sit Down 'Cause I've Moved Your Chair,Suck It and See,Arctic Monkeys,06-06-11,3czdA0j4iaLDJJCoT5D8iP,0.434,0.912,9,-5.148,1,0.0451,0.0191,0.278,0.326,0.315,119.729,audio_features,3czdA0j4iaLDJJCoT5D8iP,spotify:track:3czdA0j4iaLDJJCoT5D8iP,https://api.spotify.com/v1/tracks/3czdA0j4iaLDJJCoT5D8iP,https://api.spotify.com/v1/audio-analysis/3czdA0j4iaLDJJCoT5D8iP,183507,4
Library Pictures,Suck It and See,Arctic Monkeys,06-06-11,0qfGWpvJGlp17wdTm19ioK,0.304,0.939,1,-5.836,1,0.0549,0.000142,0.00601,0.136,0.402,96.954,audio_features,0qfGWpvJGlp17wdTm19ioK,spotify:track:0qfGWpvJGlp17wdTm19ioK,https://api.spotify.com/v1/tracks/0qfGWpvJGlp17wdTm19ioK,https://api.spotify.com/v1/audio-analysis/0qfGWpvJGlp17wdTm19ioK,142173,4
All My Own Stunts,Suck It and See,Arctic Monkeys,06-06-11,7cRR82VFtvy3FeqIrjEeFy,0.511,0.943,2,-4.934,1,0.0537,0.00135,0.0181,0.187,0.531,127.283,audio_features,7cRR82VFtvy3FeqIrjEeFy,spotify:track:7cRR82VFtvy3FeqIrjEeFy,https://api.spotify.com/v1/tracks/7cRR82VFtvy3FeqIrjEeFy,https://api.spotify.com/v1/audio-analysis/7cRR82VFtvy3FeqIrjEeFy,232280,4
Reckless Serenade,Suck It and See,Arctic Monkeys,06-06-11,1bXLpqe49cqEpj88uPR4pu,0.585,0.694,2,-6.632,1,0.0392,0.00037,0.0144,0.0724,0.785,127.966,audio_features,1bXLpqe49cqEpj88uPR4pu,spotify:track:1bXLpqe49cqEpj88uPR4pu,https://api.spotify.com/v1/tracks/1bXLpqe49cqEpj88uPR4pu,https://api.spotify.com/v1/audio-analysis/1bXLpqe49cqEpj88uPR4pu,162747,4
Piledriver Waltz,Suck It and See,Arctic Monkeys,06-06-11,4Ai0ANRDYwx6mCD4Uty1WS,0.443,0.865,4,-4.547,1,0.0391,0.00724,0.000116,0.468,0.474,110.008,audio_features,4Ai0ANRDYwx6mCD4Uty1WS,spotify:track:4Ai0ANRDYwx6mCD4Uty1WS,https://api.spotify.com/v1/tracks/4Ai0ANRDYwx6mCD4Uty1WS,https://api.spotify.com/v1/audio-analysis/4Ai0ANRDYwx6mCD4Uty1WS,203880,4
Love is a Laserquest,Suck It and See,Arctic Monkeys,06-06-11,0S6CXA5LpRDX6b4akgrOot,0.349,0.662,11,-6.873,1,0.0402,0.00197,0.908,0.136,0.554,169.926,audio_features,0S6CXA5LpRDX6b4akgrOot,spotify:track:0S6CXA5LpRDX6b4akgrOot,https://api.spotify.com/v1/tracks/0S6CXA5LpRDX6b4akgrOot,https://api.spotify.com/v1/audio-analysis/0S6CXA5LpRDX6b4akgrOot,191427,4
Suck It and See,Suck It and See,Arctic Monkeys,06-06-11,0LxeKwg9t7HOnyfv4bTALT,0.339,0.932,4,-5.017,1,0.057,0.00105,0.114,0.255,0.586,128.291,audio_features,0LxeKwg9t7HOnyfv4bTALT,spotify:track:0LxeKwg9t7HOnyfv4bTALT,https://api.spotify.com/v1/tracks/0LxeKwg9t7HOnyfv4bTALT,https://api.spotify.com/v1/audio-analysis/0LxeKwg9t7HOnyfv4bTALT,225987,4
That's Where You're Wrong,Suck It and See,Arctic Monkeys,06-06-11,2fgQ8COnxtEvaTcNbEtsUf,0.481,0.883,4,-5.554,1,0.0638,0.000679,0.558,0.145,0.46,135.937,audio_features,2fgQ8COnxtEvaTcNbEtsUf,spotify:track:2fgQ8COnxtEvaTcNbEtsUf,https://api.spotify.com/v1/tracks/2fgQ8COnxtEvaTcNbEtsUf,https://api.spotify.com/v1/audio-analysis/2fgQ8COnxtEvaTcNbEtsUf,256800,4
My Propeller,Humbug,Arctic Monkeys,20-08-09,2hmHlBM0kPBm17Y7nVIW9f,0.415,0.657,9,-6.758,0,0.0295,0.052,0.0552,0.233,0.69,115.752,audio_features,2hmHlBM0kPBm17Y7nVIW9f,spotify:track:2hmHlBM0kPBm17Y7nVIW9f,https://api.spotify.com/v1/tracks/2hmHlBM0kPBm17Y7nVIW9f,https://api.spotify.com/v1/audio-analysis/2hmHlBM0kPBm17Y7nVIW9f,205747,4
Crying Lightning,Humbug,Arctic Monkeys,20-08-09,6wVWJl64yoTzU27EI8ep20,0.498,0.885,4,-4.423,0,0.0461,0.0148,0.00041,0.239,0.67,106.719,audio_features,6wVWJl64yoTzU27EI8ep20,spotify:track:6wVWJl64yoTzU27EI8ep20,https://api.spotify.com/v1/tracks/6wVWJl64yoTzU27EI8ep20,https://api.spotify.com/v1/audio-analysis/6wVWJl64yoTzU27EI8ep20,224827,4
Dangerous Animals,Humbug,Arctic Monkeys,20-08-09,0pdp3VrR4WQaswf0GyT0Y0,0.34,0.922,3,-5.189,1,0.18,0.0129,2.39E-06,0.226,0.532,125.363,audio_features,0pdp3VrR4WQaswf0GyT0Y0,spotify:track:0pdp3VrR4WQaswf0GyT0Y0,https://api.spotify.com/v1/tracks/0pdp3VrR4WQaswf0GyT0Y0,https://api.spotify.com/v1/audio-analysis/0pdp3VrR4WQaswf0GyT0Y0,210667,4
Secret Door,Humbug,Arctic Monkeys,20-08-09,4dtP86vkhzwNXCFpCtizce,0.323,0.806,7,-6.554,0,0.0769,0.0314,1.11E-05,0.181,0.548,124.615,audio_features,4dtP86vkhzwNXCFpCtizce,spotify:track:4dtP86vkhzwNXCFpCtizce,https://api.spotify.com/v1/tracks/4dtP86vkhzwNXCFpCtizce,https://api.spotify.com/v1/audio-analysis/4dtP86vkhzwNXCFpCtizce,223067,4
Potion Approaching,Humbug,Arctic Monkeys,20-08-09,3RHHXwyRtskFx87sX80xEy,0.421,0.758,4,-8.945,0,0.0429,0.0062,0.0673,0.0905,0.767,103.659,audio_features,3RHHXwyRtskFx87sX80xEy,spotify:track:3RHHXwyRtskFx87sX80xEy,https://api.spotify.com/v1/tracks/3RHHXwyRtskFx87sX80xEy,https://api.spotify.com/v1/audio-analysis/3RHHXwyRtskFx87sX80xEy,212133,4
Fire And The Thud,Humbug,Arctic Monkeys,20-08-09,6EMhO2CuQZ3u7ZKDRuf560,0.566,0.61,2,-11.228,1,0.0388,0.165,0.006,0.215,0.406,114.904,audio_features,6EMhO2CuQZ3u7ZKDRuf560,spotify:track:6EMhO2CuQZ3u7ZKDRuf560,https://api.spotify.com/v1/tracks/6EMhO2CuQZ3u7ZKDRuf560,https://api.spotify.com/v1/audio-analysis/6EMhO2CuQZ3u7ZKDRuf560,237533,4
Cornerstone,Humbug,Arctic Monkeys,20-08-09,5bsnLiT00hG37qd8p2jdVl,0.287,0.721,9,-5.81,1,0.0387,0.00764,0,0.328,0.763,169.252,audio_features,5bsnLiT00hG37qd8p2jdVl,spotify:track:5bsnLiT00hG37qd8p2jdVl,https://api.spotify.com/v1/tracks/5bsnLiT00hG37qd8p2jdVl,https://api.spotify.com/v1/audio-analysis/5bsnLiT00hG37qd8p2jdVl,197973,4
Dance Little Liar,Humbug,Arctic Monkeys,20-08-09,3u16Clmxz7dJpnQWXXynok,0.538,0.607,1,-9.133,0,0.0352,0.0586,0.769,0.0975,0.543,100.158,audio_features,3u16Clmxz7dJpnQWXXynok,spotify:track:3u16Clmxz7dJpnQWXXynok,https://api.spotify.com/v1/tracks/3u16Clmxz7dJpnQWXXynok,https://api.spotify.com/v1/audio-analysis/3u16Clmxz7dJpnQWXXynok,283493,4
Pretty Visitors,Humbug,Arctic Monkeys,20-08-09,45n7uujqwmMyBMjBu9SwRu,0.244,0.896,6,-5.576,0,0.464,0.0614,2.83E-05,0.127,0.142,83.354,audio_features,45n7uujqwmMyBMjBu9SwRu,spotify:track:45n7uujqwmMyBMjBu9SwRu,https://api.spotify.com/v1/tracks/45n7uujqwmMyBMjBu9SwRu,https://api.spotify.com/v1/audio-analysis/45n7uujqwmMyBMjBu9SwRu,220507,4
The Jeweller's Hands,Humbug,Arctic Monkeys,20-08-09,4PDPn7HosIycoXeoeibFc5,0.51,0.8,0,-8.116,0,0.0488,0.137,0.0834,0.118,0.391,96.935,audio_features,4PDPn7HosIycoXeoeibFc5,spotify:track:4PDPn7HosIycoXeoeibFc5,https://api.spotify.com/v1/tracks/4PDPn7HosIycoXeoeibFc5,https://api.spotify.com/v1/audio-analysis/4PDPn7HosIycoXeoeibFc5,344053,4
Brianstorm,Favourite Worst Nightmare,Arctic Monkeys,22-04-07,7f9I5WdyXm5q1XqnSYgQZb,0.42,0.974,1,-4.706,1,0.191,8.15E-05,0.00155,0.0871,0.463,165.182,audio_features,7f9I5WdyXm5q1XqnSYgQZb,spotify:track:7f9I5WdyXm5q1XqnSYgQZb,https://api.spotify.com/v1/tracks/7f9I5WdyXm5q1XqnSYgQZb,https://api.spotify.com/v1/audio-analysis/7f9I5WdyXm5q1XqnSYgQZb,172867,4
Teddy Picker,Favourite Worst Nightmare,Arctic Monkeys,22-04-07,5kxVyCgEUND7E2QKG7JmoF,0.637,0.963,9,-5.116,1,0.0882,0.000286,0.000889,0.0449,0.823,150.1,audio_features,5kxVyCgEUND7E2QKG7JmoF,spotify:track:5kxVyCgEUND7E2QKG7JmoF,https://api.spotify.com/v1/tracks/5kxVyCgEUND7E2QKG7JmoF,https://api.spotify.com/v1/audio-analysis/5kxVyCgEUND7E2QKG7JmoF,165000,4
D is for Dangerous,Favourite Worst Nightmare,Arctic Monkeys,22-04-07,5RrHzXKmwVd5BCq4UzyJPd,0.555,0.925,1,-4.689,1,0.0362,1.09E-05,0.000161,0.0659,0.77,145.061,audio_features,5RrHzXKmwVd5BCq4UzyJPd,spotify:track:5RrHzXKmwVd5BCq4UzyJPd,https://api.spotify.com/v1/tracks/5RrHzXKmwVd5BCq4UzyJPd,https://api.spotify.com/v1/audio-analysis/5RrHzXKmwVd5BCq4UzyJPd,138107,4
Balaclava,Favourite Worst Nightmare,Arctic Monkeys,22-04-07,0ftMOhVfFm5Wbs5sZdEtsC,0.414,0.811,11,-4.4,0,0.0919,0.00133,0.000129,0.333,0.762,137.617,audio_features,0ftMOhVfFm5Wbs5sZdEtsC,spotify:track:0ftMOhVfFm5Wbs5sZdEtsC,https://api.spotify.com/v1/tracks/0ftMOhVfFm5Wbs5sZdEtsC,https://api.spotify.com/v1/audio-analysis/0ftMOhVfFm5Wbs5sZdEtsC,171227,4
Fluorescent Adolescent,Favourite Worst Nightmare,Arctic Monkeys,22-04-07,2x8evxqUlF0eRabbW2JBJd,0.654,0.828,1,-5.377,0,0.0281,0.00146,0.000144,0.122,0.79,112.056,audio_features,2x8evxqUlF0eRabbW2JBJd,spotify:track:2x8evxqUlF0eRabbW2JBJd,https://api.spotify.com/v1/tracks/2x8evxqUlF0eRabbW2JBJd,https://api.spotify.com/v1/audio-analysis/2x8evxqUlF0eRabbW2JBJd,183893,4
Only Ones Who Know,Favourite Worst Nightmare,Arctic Monkeys,22-04-07,71ytDkCnYc11VRiRCrhDHX,0.29,0.399,7,-10.696,0,0.0338,0.902,0.0019,0.105,0.0965,128.37,audio_features,71ytDkCnYc11VRiRCrhDHX,spotify:track:71ytDkCnYc11VRiRCrhDHX,https://api.spotify.com/v1/tracks/71ytDkCnYc11VRiRCrhDHX,https://api.spotify.com/v1/audio-analysis/71ytDkCnYc11VRiRCrhDHX,184760,5
Do Me a Favour,Favourite Worst Nightmare,Arctic Monkeys,22-04-07,2BqfIlpahcebJPeu1IUTEo,0.469,0.738,11,-6.638,0,0.0619,0.00013,0.0577,0.078,0.624,180.15,audio_features,2BqfIlpahcebJPeu1IUTEo,spotify:track:2BqfIlpahcebJPeu1IUTEo,https://api.spotify.com/v1/tracks/2BqfIlpahcebJPeu1IUTEo,https://api.spotify.com/v1/audio-analysis/2BqfIlpahcebJPeu1IUTEo,209253,4
This House is a Circus,Favourite Worst Nightmare,Arctic Monkeys,22-04-07,0DKvcH4SCRdhVYTxStKx9h,0.476,0.844,7,-5.253,1,0.0431,1.81E-05,0.00196,0.272,0.658,155.322,audio_features,0DKvcH4SCRdhVYTxStKx9h,spotify:track:0DKvcH4SCRdhVYTxStKx9h,https://api.spotify.com/v1/tracks/0DKvcH4SCRdhVYTxStKx9h,https://api.spotify.com/v1/audio-analysis/0DKvcH4SCRdhVYTxStKx9h,191680,4
"If You Were There, Beware",Favourite Worst Nightmare,Arctic Monkeys,22-04-07,0idZZsnM7nuSYanlpKTuwV,0.328,0.805,4,-6.74,0,0.0383,0.000938,0.048,0.104,0.264,135.546,audio_features,0idZZsnM7nuSYanlpKTuwV,spotify:track:0idZZsnM7nuSYanlpKTuwV,https://api.spotify.com/v1/tracks/0idZZsnM7nuSYanlpKTuwV,https://api.spotify.com/v1/audio-analysis/0idZZsnM7nuSYanlpKTuwV,276200,4
The Bad Thing,Favourite Worst Nightmare,Arctic Monkeys,22-04-07,4N2yjWLIxZjOXDrCu2VlJe,0.55,0.952,2,-3.638,1,0.075,0.00103,0,0.257,0.538,111.066,audio_features,4N2yjWLIxZjOXDrCu2VlJe,spotify:track:4N2yjWLIxZjOXDrCu2VlJe,https://api.spotify.com/v1/tracks/4N2yjWLIxZjOXDrCu2VlJe,https://api.spotify.com/v1/audio-analysis/4N2yjWLIxZjOXDrCu2VlJe,145213,4
Old Yellow Bricks,Favourite Worst Nightmare,Arctic Monkeys,22-04-07,5KGbRvZyVyKP2AEJMHErB4,0.66,0.837,0,-4.315,1,0.0682,0.000147,6.62E-06,0.0788,0.757,135.158,audio_features,5KGbRvZyVyKP2AEJMHErB4,spotify:track:5KGbRvZyVyKP2AEJMHErB4,https://api.spotify.com/v1/tracks/5KGbRvZyVyKP2AEJMHErB4,https://api.spotify.com/v1/audio-analysis/5KGbRvZyVyKP2AEJMHErB4,193227,4
505,Favourite Worst Nightmare,Arctic Monkeys,22-04-07,0BxE4FqsDD1Ot4YuBXwAPp,0.526,0.866,0,-5.822,1,0.0568,0.00287,7.78E-05,0.0945,0.248,140.266,audio_features,0BxE4FqsDD1Ot4YuBXwAPp,spotify:track:0BxE4FqsDD1Ot4YuBXwAPp,https://api.spotify.com/v1/tracks/0BxE4FqsDD1Ot4YuBXwAPp,https://api.spotify.com/v1/audio-analysis/0BxE4FqsDD1Ot4YuBXwAPp,253587,4
The View From The Afternoon,"Whatever People Say I Am, That's What I'm Not",Arctic Monkeys,29-01-06,5eyTC5GZzpzlN7YRO9AoPf,0.387,0.922,9,-5.192,0,0.0674,0.00487,0,0.187,0.417,146.478,audio_features,5eyTC5GZzpzlN7YRO9AoPf,spotify:track:5eyTC5GZzpzlN7YRO9AoPf,https://api.spotify.com/v1/tracks/5eyTC5GZzpzlN7YRO9AoPf,https://api.spotify.com/v1/audio-analysis/5eyTC5GZzpzlN7YRO9AoPf,222947,4
I Bet You Look Good On The Dancefloor,"Whatever People Say I Am, That's What I'm Not",Arctic Monkeys,29-01-06,3DQVgcqaP3iSMbaKsd57l5,0.535,0.948,6,-4.19,0,0.0356,0.00225,0,0.376,0.778,103.183,audio_features,3DQVgcqaP3iSMbaKsd57l5,spotify:track:3DQVgcqaP3iSMbaKsd57l5,https://api.spotify.com/v1/tracks/3DQVgcqaP3iSMbaKsd57l5,https://api.spotify.com/v1/audio-analysis/3DQVgcqaP3iSMbaKsd57l5,173680,4
Fake Tales Of San Francisco,"Whatever People Say I Am, That's What I'm Not",Arctic Monkeys,29-01-06,7BuzJmV2h6eBbSDdRaDY7C,0.454,0.778,9,-4.225,1,0.0449,0.00998,0,0.0427,0.704,127.158,audio_features,7BuzJmV2h6eBbSDdRaDY7C,spotify:track:7BuzJmV2h6eBbSDdRaDY7C,https://api.spotify.com/v1/tracks/7BuzJmV2h6eBbSDdRaDY7C,https://api.spotify.com/v1/audio-analysis/7BuzJmV2h6eBbSDdRaDY7C,177947,4
Dancing Shoes,"Whatever People Say I Am, That's What I'm Not",Arctic Monkeys,29-01-06,0hAMkY2kwdXPPDfQ1e3BmJ,0.522,0.889,1,-4.137,1,0.0461,0.00328,0,0.345,0.852,144.499,audio_features,0hAMkY2kwdXPPDfQ1e3BmJ,spotify:track:0hAMkY2kwdXPPDfQ1e3BmJ,https://api.spotify.com/v1/tracks/0hAMkY2kwdXPPDfQ1e3BmJ,https://api.spotify.com/v1/audio-analysis/0hAMkY2kwdXPPDfQ1e3BmJ,141133,4
You Probably Couldn't See For The Lights But You Were Staring Straight At Me,"Whatever People Say I Am, That's What I'm Not",Arctic Monkeys,29-01-06,111SaDBbcHW0zedi4RBHDp,0.58,0.972,11,-4.274,0,0.0589,0.00384,0,0.296,0.926,105.492,audio_features,111SaDBbcHW0zedi4RBHDp,spotify:track:111SaDBbcHW0zedi4RBHDp,https://api.spotify.com/v1/tracks/111SaDBbcHW0zedi4RBHDp,https://api.spotify.com/v1/audio-analysis/111SaDBbcHW0zedi4RBHDp,130813,4
Still Take You Home,"Whatever People Say I Am, That's What I'm Not",Arctic Monkeys,29-01-06,64a5XZCVDWwvC7gwPPCsH6,0.599,0.946,8,-4.192,1,0.0378,0.000669,0,0.0973,0.653,108.934,audio_features,64a5XZCVDWwvC7gwPPCsH6,spotify:track:64a5XZCVDWwvC7gwPPCsH6,https://api.spotify.com/v1/tracks/64a5XZCVDWwvC7gwPPCsH6,https://api.spotify.com/v1/audio-analysis/64a5XZCVDWwvC7gwPPCsH6,173667,4
Riot Van,"Whatever People Say I Am, That's What I'm Not",Arctic Monkeys,29-01-06,4wMR4fRKMTyUJG6VAsmccv,0.593,0.333,9,-14.342,1,0.046,0.358,0,0.245,0.258,103.537,audio_features,4wMR4fRKMTyUJG6VAsmccv,spotify:track:4wMR4fRKMTyUJG6VAsmccv,https://api.spotify.com/v1/tracks/4wMR4fRKMTyUJG6VAsmccv,https://api.spotify.com/v1/audio-analysis/4wMR4fRKMTyUJG6VAsmccv,134933,4
Red Light Indicates Doors Are Secured,"Whatever People Say I Am, That's What I'm Not",Arctic Monkeys,29-01-06,56GFlp1dkt7dw56pQdTwqW,0.622,0.846,11,-4.831,0,0.0311,0.00316,0,0.0989,0.914,110.683,audio_features,56GFlp1dkt7dw56pQdTwqW,spotify:track:56GFlp1dkt7dw56pQdTwqW,https://api.spotify.com/v1/tracks/56GFlp1dkt7dw56pQdTwqW,https://api.spotify.com/v1/audio-analysis/56GFlp1dkt7dw56pQdTwqW,143627,4
Mardy Bum,"Whatever People Say I Am, That's What I'm Not",Arctic Monkeys,29-01-06,2fyIS6GXMgUcSv4oejx63f,0.634,0.599,2,-5.447,1,0.0365,0.0288,0,0.197,0.312,112.215,audio_features,2fyIS6GXMgUcSv4oejx63f,spotify:track:2fyIS6GXMgUcSv4oejx63f,https://api.spotify.com/v1/tracks/2fyIS6GXMgUcSv4oejx63f,https://api.spotify.com/v1/audio-analysis/2fyIS6GXMgUcSv4oejx63f,175440,4
Perhaps Vampires Is A Bit Strong But…,"Whatever People Say I Am, That's What I'm Not",Arctic Monkeys,29-01-06,6Slvi85s1hIaeykjvDe1xk,0.371,0.914,11,-4.917,0,0.081,0.000293,8.75E-05,0.0852,0.394,134.982,audio_features,6Slvi85s1hIaeykjvDe1xk,spotify:track:6Slvi85s1hIaeykjvDe1xk,https://api.spotify.com/v1/tracks/6Slvi85s1hIaeykjvDe1xk,https://api.spotify.com/v1/audio-analysis/6Slvi85s1hIaeykjvDe1xk,268627,4
When The Sun Goes Down,"Whatever People Say I Am, That's What I'm Not",Arctic Monkeys,29-01-06,2zzLRQ78kKfPTx8FJQCdC2,0.348,0.875,11,-4.758,0,0.199,0.0341,0,0.117,0.407,169.152,audio_features,2zzLRQ78kKfPTx8FJQCdC2,spotify:track:2zzLRQ78kKfPTx8FJQCdC2,https://api.spotify.com/v1/tracks/2zzLRQ78kKfPTx8FJQCdC2,https://api.spotify.com/v1/audio-analysis/2zzLRQ78kKfPTx8FJQCdC2,202133,4
From The Ritz To The Rubble,"Whatever People Say I Am, That's What I'm Not",Arctic Monkeys,29-01-06,2vQQfWTanvD99OeHLAoyhW,0.216,0.882,11,-5.176,0,0.0439,0.00147,0,0.308,0.656,189.286,audio_features,2vQQfWTanvD99OeHLAoyhW,spotify:track:2vQQfWTanvD99OeHLAoyhW,https://api.spotify.com/v1/tracks/2vQQfWTanvD99OeHLAoyhW,https://api.spotify.com/v1/audio-analysis/2vQQfWTanvD99OeHLAoyhW,193427,4
A Certain Romance,"Whatever People Say I Am, That's What I'm Not",Arctic Monkeys,29-01-06,0eDQj41kzBhMKQIkTt6OJR,0.455,0.881,11,-5.587,1,0.0401,0.000566,6.06E-05,0.11,0.201,137.949,audio_features,0eDQj41kzBhMKQIkTt6OJR,spotify:track:0eDQj41kzBhMKQIkTt6OJR,https://api.spotify.com/v1/tracks/0eDQj41kzBhMKQIkTt6OJR,https://api.spotify.com/v1/audio-analysis/0eDQj41kzBhMKQIkTt6OJR,331200,4
I Ain’t Quite Where I Think I Am,I Ain't Quite Where I Think I Am,Arctic Monkeys,18-10-22,7DPhusadsTZ2VrXOGcuX2y,0.544,0.337,10,-9.846,1,0.0653,0.357,6.34E-05,0.085,0.667,192.685,audio_features,7DPhusadsTZ2VrXOGcuX2y,spotify:track:7DPhusadsTZ2VrXOGcuX2y,https://api.spotify.com/v1/tracks/7DPhusadsTZ2VrXOGcuX2y,https://api.spotify.com/v1/audio-analysis/7DPhusadsTZ2VrXOGcuX2y,191174,4
Body Paint,I Ain't Quite Where I Think I Am,Arctic Monkeys,18-10-22,7A7FsIDnBMnz1PAnSOxUdh,0.556,0.315,7,-11.651,0,0.0625,0.568,0,0.0774,0.256,143.327,audio_features,7A7FsIDnBMnz1PAnSOxUdh,spotify:track:7A7FsIDnBMnz1PAnSOxUdh,https://api.spotify.com/v1/tracks/7A7FsIDnBMnz1PAnSOxUdh,https://api.spotify.com/v1/audio-analysis/7A7FsIDnBMnz1PAnSOxUdh,290584,4
There’d Better Be A Mirrorball,I Ain't Quite Where I Think I Am,Arctic Monkeys,18-10-22,03mHinvLdrdSTd7w4GPXwH,0.511,0.367,3,-10.891,1,0.0319,0.642,0.0122,0.186,0.323,143.698,audio_features,03mHinvLdrdSTd7w4GPXwH,spotify:track:03mHinvLdrdSTd7w4GPXwH,https://api.spotify.com/v1/tracks/03mHinvLdrdSTd7w4GPXwH,https://api.spotify.com/v1/audio-analysis/03mHinvLdrdSTd7w4GPXwH,265798,4
Body Paint,Body Paint,Arctic Monkeys,29-09-22,11jRCxY01k9jvCdUru0EeP,0.544,0.287,7,-12.83,0,0.0598,0.575,0,0.075,0.256,144.175,audio_features,11jRCxY01k9jvCdUru0EeP,spotify:track:11jRCxY01k9jvCdUru0EeP,https://api.spotify.com/v1/tracks/11jRCxY01k9jvCdUru0EeP,https://api.spotify.com/v1/audio-analysis/11jRCxY01k9jvCdUru0EeP,290584,4
There’d Better Be A Mirrorball,Body Paint,Arctic Monkeys,29-09-22,4B4GwsjpJKPVN65J59ecfB,0.523,0.367,3,-10.896,1,0.0309,0.628,0.0118,0.186,0.327,71.998,audio_features,4B4GwsjpJKPVN65J59ecfB,spotify:track:4B4GwsjpJKPVN65J59ecfB,https://api.spotify.com/v1/tracks/4B4GwsjpJKPVN65J59ecfB,https://api.spotify.com/v1/audio-analysis/4B4GwsjpJKPVN65J59ecfB,265798,4
There’d Better Be A Mirrorball,There’d Better Be A Mirrorball,Arctic Monkeys,30-08-22,0yowbJnnbTLpr99f9l1uba,0.513,0.369,3,-10.899,1,0.0307,0.634,0.0139,0.186,0.311,72.062,audio_features,0yowbJnnbTLpr99f9l1uba,spotify:track:0yowbJnnbTLpr99f9l1uba,https://api.spotify.com/v1/tracks/0yowbJnnbTLpr99f9l1uba,https://api.spotify.com/v1/audio-analysis/0yowbJnnbTLpr99f9l1uba,265798,4
Arabella - Live,Arabella (Live At The Royal Albert Hall),Arctic Monkeys,02-12-20,2hvBLgsdPAvzP2NKJbF4wP,0.43,0.86,11,-6.814,0,0.256,0.174,0,0.706,0.263,91.247,audio_features,2hvBLgsdPAvzP2NKJbF4wP,spotify:track:2hvBLgsdPAvzP2NKJbF4wP,https://api.spotify.com/v1/tracks/2hvBLgsdPAvzP2NKJbF4wP,https://api.spotify.com/v1/audio-analysis/2hvBLgsdPAvzP2NKJbF4wP,246973,4
505 - Live,Arabella (Live At The Royal Albert Hall),Arctic Monkeys,02-12-20,2MDdVM54SOldS8Jnl6vxUx,0.361,0.769,0,-8.013,1,0.0812,0.0135,3.30E-05,0.385,0.218,139.62,audio_features,2MDdVM54SOldS8Jnl6vxUx,spotify:track:2MDdVM54SOldS8Jnl6vxUx,https://api.spotify.com/v1/tracks/2MDdVM54SOldS8Jnl6vxUx,https://api.spotify.com/v1/audio-analysis/2MDdVM54SOldS8Jnl6vxUx,275733,4
505 - Live,505 (Live At The Royal Albert Hall),Arctic Monkeys,19-11-20,2G5groi1gsVNKFxYkmc66s,0.343,0.724,0,-9.384,1,0.0753,0.0133,3.89E-05,0.325,0.186,139.451,audio_features,2G5groi1gsVNKFxYkmc66s,spotify:track:2G5groi1gsVNKFxYkmc66s,https://api.spotify.com/v1/tracks/2G5groi1gsVNKFxYkmc66s,https://api.spotify.com/v1/audio-analysis/2G5groi1gsVNKFxYkmc66s,275733,4
Tranquility Base Hotel & Casino,Tranquility Base Hotel & Casino,Arctic Monkeys,02-05-18,2MgHR3W3xEwn7EQu0ZEihw,0.589,0.773,9,-6.638,0,0.0296,0.0402,0.00894,0.226,0.792,142.181,audio_features,2MgHR3W3xEwn7EQu0ZEihw,spotify:track:2MgHR3W3xEwn7EQu0ZEihw,https://api.spotify.com/v1/tracks/2MgHR3W3xEwn7EQu0ZEihw,https://api.spotify.com/v1/audio-analysis/2MgHR3W3xEwn7EQu0ZEihw,211968,4
Anyways,Tranquility Base Hotel & Casino,Arctic Monkeys,02-05-18,4PGWramunj3Bsz5UXCu4ex,0.284,0.576,4,-6.972,1,0.035,0.529,3.91E-05,0.187,0.323,82.527,audio_features,4PGWramunj3Bsz5UXCu4ex,spotify:track:4PGWramunj3Bsz5UXCu4ex,https://api.spotify.com/v1/tracks/4PGWramunj3Bsz5UXCu4ex,https://api.spotify.com/v1/audio-analysis/4PGWramunj3Bsz5UXCu4ex,221230,4
"Four Out Of Five - Recorded at Electric Lady Studios, New York",Spotify Singles,Arctic Monkeys,01-05-18,4ya6kBUnCe27g0hZM57L1n,0.528,0.694,9,-7.956,0,0.0473,0.0334,0,0.324,0.783,130.006,audio_features,4ya6kBUnCe27g0hZM57L1n,spotify:track:4ya6kBUnCe27g0hZM57L1n,https://api.spotify.com/v1/tracks/4ya6kBUnCe27g0hZM57L1n,https://api.spotify.com/v1/audio-analysis/4ya6kBUnCe27g0hZM57L1n,274969,4
#NAME?,Spotify Singles,Arctic Monkeys,01-05-18,68H747D2LgwsPsPlVjFZUR,0.395,0.0377,0,-16.06,1,0.0396,0.969,1.32E-05,0.128,0.243,82.977,audio_features,68H747D2LgwsPsPlVjFZUR,spotify:track:68H747D2LgwsPsPlVjFZUR,https://api.spotify.com/v1/tracks/68H747D2LgwsPsPlVjFZUR,https://api.spotify.com/v1/audio-analysis/68H747D2LgwsPsPlVjFZUR,145748,5
One For The Road,One For The Road,Arctic Monkeys,09-12-13,69GXaKmq1wdZ8zFedogQKg,0.415,0.668,0,-6.849,1,0.036,0.212,0.0615,0.27,0.842,180.048,audio_features,69GXaKmq1wdZ8zFedogQKg,spotify:track:69GXaKmq1wdZ8zFedogQKg,https://api.spotify.com/v1/tracks/69GXaKmq1wdZ8zFedogQKg,https://api.spotify.com/v1/audio-analysis/69GXaKmq1wdZ8zFedogQKg,206052,4
You're So Dark,One For The Road,Arctic Monkeys,09-12-13,40DwUg5zPX8H23WpTdD2iW,0.484,0.649,11,-7.479,0,0.0561,0.258,0.0116,0.0898,0.838,151.537,audio_features,40DwUg5zPX8H23WpTdD2iW,spotify:track:40DwUg5zPX8H23WpTdD2iW,https://api.spotify.com/v1/tracks/40DwUg5zPX8H23WpTdD2iW,https://api.spotify.com/v1/audio-analysis/40DwUg5zPX8H23WpTdD2iW,182751,4
Why'd You Only Call Me When You're High?,Why'd You Only Call Me When You're High?,Arctic Monkeys,02-09-13,1CIlKWhwH35XcCzpofRjux,0.691,0.631,2,-6.478,1,0.0368,0.0483,1.13E-05,0.104,0.8,92.004,audio_features,1CIlKWhwH35XcCzpofRjux,spotify:track:1CIlKWhwH35XcCzpofRjux,https://api.spotify.com/v1/tracks/1CIlKWhwH35XcCzpofRjux,https://api.spotify.com/v1/audio-analysis/1CIlKWhwH35XcCzpofRjux,161124,4
Stop The World I Wanna Get Off With You,Why'd You Only Call Me When You're High?,Arctic Monkeys,02-09-13,2QUlMbvD9bL8wHqfsoqoet,0.661,0.73,6,-6.779,0,0.0574,0.0537,3.44E-05,0.14,0.53,95.027,audio_features,2QUlMbvD9bL8wHqfsoqoet,spotify:track:2QUlMbvD9bL8wHqfsoqoet,https://api.spotify.com/v1/tracks/2QUlMbvD9bL8wHqfsoqoet,https://api.spotify.com/v1/audio-analysis/2QUlMbvD9bL8wHqfsoqoet,191040,4
Do I Wanna Know?,Do I Wanna Know?,Arctic Monkeys,18-07-13,7xmwLmkoWpghkq8jyEhtbx,0.535,0.574,2,-6.865,0,0.0372,0.35,9.96E-05,0.12,0.445,84.984,audio_features,7xmwLmkoWpghkq8jyEhtbx,spotify:track:7xmwLmkoWpghkq8jyEhtbx,https://api.spotify.com/v1/tracks/7xmwLmkoWpghkq8jyEhtbx,https://api.spotify.com/v1/audio-analysis/7xmwLmkoWpghkq8jyEhtbx,273424,4
2013,Do I Wanna Know?,Arctic Monkeys,18-07-13,3FiVtA8z2yUOyw7MiHjiVM,0.375,0.806,7,-6.52,1,0.0514,0.0751,2.58E-05,0.353,0.618,157.001,audio_features,3FiVtA8z2yUOyw7MiHjiVM,spotify:track:3FiVtA8z2yUOyw7MiHjiVM,https://api.spotify.com/v1/tracks/3FiVtA8z2yUOyw7MiHjiVM,https://api.spotify.com/v1/audio-analysis/3FiVtA8z2yUOyw7MiHjiVM,146887,4
R U Mine?,R U Mine? / Electricity,Arctic Monkeys,23-04-12,6c5QZx2v9753q26g1Fvo2F,0.52,0.785,6,-4.765,0,0.0329,0.0468,0,0.698,0.679,96.996,audio_features,6c5QZx2v9753q26g1Fvo2F,spotify:track:6c5QZx2v9753q26g1Fvo2F,https://api.spotify.com/v1/tracks/6c5QZx2v9753q26g1Fvo2F,https://api.spotify.com/v1/audio-analysis/6c5QZx2v9753q26g1Fvo2F,200188,4
Electricity,R U Mine? / Electricity,Arctic Monkeys,23-04-12,7rWpSbLgcaWXsvS4o9wJXD,0.387,0.919,4,-6.585,0,0.0454,4.99E-05,0.578,0.293,0.483,149.993,audio_features,7rWpSbLgcaWXsvS4o9wJXD,spotify:track:7rWpSbLgcaWXsvS4o9wJXD,https://api.spotify.com/v1/tracks/7rWpSbLgcaWXsvS4o9wJXD,https://api.spotify.com/v1/audio-analysis/7rWpSbLgcaWXsvS4o9wJXD,181537,4
Black Treacle,Black Treacle,Arctic Monkeys,23-01-12,63gVgNgFfZPO8hLAS3Mfbe,0.343,0.89,7,-5.759,1,0.0655,0.000821,0,0.0912,0.525,100.061,audio_features,63gVgNgFfZPO8hLAS3Mfbe,spotify:track:63gVgNgFfZPO8hLAS3Mfbe,https://api.spotify.com/v1/tracks/63gVgNgFfZPO8hLAS3Mfbe,https://api.spotify.com/v1/audio-analysis/63gVgNgFfZPO8hLAS3Mfbe,217440,4
You and I,Black Treacle,Arctic Monkeys,23-01-12,3mHL6KMXtHqWR23IJuHFOx,0.242,0.893,11,-6.497,0,0.0862,1.30E-05,0.349,0.323,0.307,143.286,audio_features,3mHL6KMXtHqWR23IJuHFOx,spotify:track:3mHL6KMXtHqWR23IJuHFOx,https://api.spotify.com/v1/tracks/3mHL6KMXtHqWR23IJuHFOx,https://api.spotify.com/v1/audio-analysis/3mHL6KMXtHqWR23IJuHFOx,206987,4
Suck It and See,Suck It and See,Arctic Monkeys,31-10-11,1UnQRfPU5Mz6J5owKFsH4k,0.339,0.932,4,-5.017,1,0.057,0.00105,0.114,0.255,0.586,128.291,audio_features,1UnQRfPU5Mz6J5owKFsH4k,spotify:track:1UnQRfPU5Mz6J5owKFsH4k,https://api.spotify.com/v1/tracks/1UnQRfPU5Mz6J5owKFsH4k,https://api.spotify.com/v1/audio-analysis/1UnQRfPU5Mz6J5owKFsH4k,225987,4
Evil Twin,Suck It and See,Arctic Monkeys,31-10-11,4Xb9WKmzyiPeQSRqNQ2djU,0.479,0.752,4,-4.99,0,0.0793,0.0016,1.78E-05,0.0599,0.741,175.997,audio_features,4Xb9WKmzyiPeQSRqNQ2djU,spotify:track:4Xb9WKmzyiPeQSRqNQ2djU,https://api.spotify.com/v1/tracks/4Xb9WKmzyiPeQSRqNQ2djU,https://api.spotify.com/v1/audio-analysis/4Xb9WKmzyiPeQSRqNQ2djU,197373,4
The Hellcat Spangled Shalalala,The Hellcat Spangled Shalalala,Arctic Monkeys,15-08-11,7ivBHYIk3Dr7YdJdso3ZoS,0.449,0.872,11,-4.992,1,0.0507,0.000793,0.00062,0.0642,0.788,130.22,audio_features,7ivBHYIk3Dr7YdJdso3ZoS,spotify:track:7ivBHYIk3Dr7YdJdso3ZoS,https://api.spotify.com/v1/tracks/7ivBHYIk3Dr7YdJdso3ZoS,https://api.spotify.com/v1/audio-analysis/7ivBHYIk3Dr7YdJdso3ZoS,180373,4
Little Illusion Machine (Wirral Riddler),The Hellcat Spangled Shalalala,Arctic Monkeys,15-08-11,5reKeLqZ1thyNerCGHDSal,0.392,0.799,7,-4.351,0,0.0452,3.92E-05,0.003,0.353,0.573,121.187,audio_features,5reKeLqZ1thyNerCGHDSal,spotify:track:5reKeLqZ1thyNerCGHDSal,https://api.spotify.com/v1/tracks/5reKeLqZ1thyNerCGHDSal,https://api.spotify.com/v1/audio-analysis/5reKeLqZ1thyNerCGHDSal,191107,4
Don't Sit Down 'Cause I've Moved Your Chair,Don't Sit Down 'Cause I've Moved Your Chair,Arctic Monkeys,30-05-11,5QP6MepxxLtVYlKNaC9qrd,0.434,0.912,9,-5.148,1,0.0451,0.0191,0.278,0.326,0.315,119.729,audio_features,5QP6MepxxLtVYlKNaC9qrd,spotify:track:5QP6MepxxLtVYlKNaC9qrd,https://api.spotify.com/v1/tracks/5QP6MepxxLtVYlKNaC9qrd,https://api.spotify.com/v1/audio-analysis/5QP6MepxxLtVYlKNaC9qrd,183507,4
The Blond-O-Sonic Shimmer Trap,Don't Sit Down 'Cause I've Moved Your Chair,Arctic Monkeys,30-05-11,2ttqSLZsmB07QKzn1acXcm,0.502,0.852,2,-4.173,0,0.0399,0.16,0.0113,0.151,0.714,125.052,audio_features,2ttqSLZsmB07QKzn1acXcm,spotify:track:2ttqSLZsmB07QKzn1acXcm,https://api.spotify.com/v1/tracks/2ttqSLZsmB07QKzn1acXcm,https://api.spotify.com/v1/audio-analysis/2ttqSLZsmB07QKzn1acXcm,204827,4
I.D.S.T.,Don't Sit Down 'Cause I've Moved Your Chair,Arctic Monkeys,30-05-11,2YvTwGEErtRjHGZCVldQg3,0.32,0.815,9,-2.293,0,0.0576,0.142,0,0.107,0.408,80.048,audio_features,2YvTwGEErtRjHGZCVldQg3,spotify:track:2YvTwGEErtRjHGZCVldQg3,https://api.spotify.com/v1/tracks/2YvTwGEErtRjHGZCVldQg3,https://api.spotify.com/v1/audio-analysis/2YvTwGEErtRjHGZCVldQg3,108520,4
My Propeller,My Propeller,Arctic Monkeys,22-03-10,7lZX6S9aVOoLAo562MyTrD,0.415,0.657,9,-6.758,0,0.0295,0.052,0.0552,0.233,0.69,115.752,audio_features,7lZX6S9aVOoLAo562MyTrD,spotify:track:7lZX6S9aVOoLAo562MyTrD,https://api.spotify.com/v1/tracks/7lZX6S9aVOoLAo562MyTrD,https://api.spotify.com/v1/audio-analysis/7lZX6S9aVOoLAo562MyTrD,205747,4
Joining The Dots,My Propeller,Arctic Monkeys,22-03-10,1XpHb15l73j6lMVnezf7bP,0.522,0.886,4,-5.362,0,0.0391,0.0447,0.139,0.651,0.671,126.066,audio_features,1XpHb15l73j6lMVnezf7bP,spotify:track:1XpHb15l73j6lMVnezf7bP,https://api.spotify.com/v1/tracks/1XpHb15l73j6lMVnezf7bP,https://api.spotify.com/v1/audio-analysis/1XpHb15l73j6lMVnezf7bP,199000,4
The Afternoon's Hat,My Propeller,Arctic Monkeys,22-03-10,03LfyhvgGn2IHBFKRK4atG,0.44,0.876,9,-5.814,0,0.0579,0.00673,0.00197,0.168,0.657,116.196,audio_features,03LfyhvgGn2IHBFKRK4atG,spotify:track:03LfyhvgGn2IHBFKRK4atG,https://api.spotify.com/v1/tracks/03LfyhvgGn2IHBFKRK4atG,https://api.spotify.com/v1/audio-analysis/03LfyhvgGn2IHBFKRK4atG,251000,4
Don't Forget Whose Legs You're On,My Propeller,Arctic Monkeys,22-03-10,73bxqTms46tzGkwivw4IN8,0.675,0.576,0,-7.469,0,0.0329,0.0183,0.312,0.103,0.971,107.713,audio_features,73bxqTms46tzGkwivw4IN8,spotify:track:73bxqTms46tzGkwivw4IN8,https://api.spotify.com/v1/tracks/73bxqTms46tzGkwivw4IN8,https://api.spotify.com/v1/audio-analysis/73bxqTms46tzGkwivw4IN8,215547,4
Cornerstone,Cornerstone,Arctic Monkeys,16-11-09,04a4noDJkAxCdYAs9FUFpT,0.287,0.721,9,-5.81,1,0.0387,0.00764,0,0.328,0.763,169.252,audio_features,04a4noDJkAxCdYAs9FUFpT,spotify:track:04a4noDJkAxCdYAs9FUFpT,https://api.spotify.com/v1/tracks/04a4noDJkAxCdYAs9FUFpT,https://api.spotify.com/v1/audio-analysis/04a4noDJkAxCdYAs9FUFpT,197973,4
Catapult,Cornerstone,Arctic Monkeys,16-11-09,5j2LDsUsxbCnZkhJwLkbKp,0.483,0.937,9,-7.832,0,0.0759,0.000212,0,0.295,0.673,150.998,audio_features,5j2LDsUsxbCnZkhJwLkbKp,spotify:track:5j2LDsUsxbCnZkhJwLkbKp,https://api.spotify.com/v1/tracks/5j2LDsUsxbCnZkhJwLkbKp,https://api.spotify.com/v1/audio-analysis/5j2LDsUsxbCnZkhJwLkbKp,206944,4
Sketchead,Cornerstone,Arctic Monkeys,16-11-09,6YwANeMmot7pT9FtZbI4CT,0.261,0.938,4,-5.894,1,0.213,2.76E-05,7.11E-05,0.158,0.796,192.654,audio_features,6YwANeMmot7pT9FtZbI4CT,spotify:track:6YwANeMmot7pT9FtZbI4CT,https://api.spotify.com/v1/tracks/6YwANeMmot7pT9FtZbI4CT,https://api.spotify.com/v1/audio-analysis/6YwANeMmot7pT9FtZbI4CT,122502,4
Fright Lined Dining Room,Cornerstone,Arctic Monkeys,16-11-09,5l1WXQ7UZ6SwXoPvvG7fPc,0.348,0.826,4,-5.807,0,0.313,0.00639,3.41E-06,0.0987,0.339,129.531,audio_features,5l1WXQ7UZ6SwXoPvvG7fPc,spotify:track:5l1WXQ7UZ6SwXoPvvG7fPc,https://api.spotify.com/v1/tracks/5l1WXQ7UZ6SwXoPvvG7fPc,https://api.spotify.com/v1/audio-analysis/5l1WXQ7UZ6SwXoPvvG7fPc,206167,4
Crying Lightning,Crying Lightning,Arctic Monkeys,16-08-09,6Dc81zxNpv8umpObD0fKOl,0.498,0.885,4,-4.423,0,0.0461,0.0148,0.00041,0.239,0.67,106.719,audio_features,6Dc81zxNpv8umpObD0fKOl,spotify:track:6Dc81zxNpv8umpObD0fKOl,https://api.spotify.com/v1/tracks/6Dc81zxNpv8umpObD0fKOl,https://api.spotify.com/v1/audio-analysis/6Dc81zxNpv8umpObD0fKOl,224827,4
Red Right Hand,Crying Lightning,Arctic Monkeys,16-08-09,0R194013qdfjeFiap76Nzs,0.422,0.819,2,-7.698,1,0.051,0.000484,0.0412,0.185,0.598,139.784,audio_features,0R194013qdfjeFiap76Nzs,spotify:track:0R194013qdfjeFiap76Nzs,https://api.spotify.com/v1/tracks/0R194013qdfjeFiap76Nzs,https://api.spotify.com/v1/audio-analysis/0R194013qdfjeFiap76Nzs,259813,4
I Haven't Got My Strange,Crying Lightning,Arctic Monkeys,16-08-09,1QFgAXQrjyXkOTTOZvwrQT,0.563,0.883,9,-7.373,1,0.097,0.000419,0.0246,0.283,0.583,142.996,audio_features,1QFgAXQrjyXkOTTOZvwrQT,spotify:track:1QFgAXQrjyXkOTTOZvwrQT,https://api.spotify.com/v1/tracks/1QFgAXQrjyXkOTTOZvwrQT,https://api.spotify.com/v1/audio-analysis/1QFgAXQrjyXkOTTOZvwrQT,89933,4
Teddy Picker,Teddy Picker,Arctic Monkeys,02-12-07,4bXTLbgCLrefvKwKmqUkhe,0.637,0.963,9,-5.116,1,0.0882,0.000286,0.000889,0.0449,0.823,150.1,audio_features,4bXTLbgCLrefvKwKmqUkhe,spotify:track:4bXTLbgCLrefvKwKmqUkhe,https://api.spotify.com/v1/tracks/4bXTLbgCLrefvKwKmqUkhe,https://api.spotify.com/v1/audio-analysis/4bXTLbgCLrefvKwKmqUkhe,165000,4
Bad Woman,Teddy Picker,Arctic Monkeys,02-12-07,4AroLtsd0GANCASuU6MNZR,0.539,0.937,2,-4.073,1,0.0673,0.00875,0.000453,0.12,0.553,130.525,audio_features,4AroLtsd0GANCASuU6MNZR,spotify:track:4AroLtsd0GANCASuU6MNZR,https://api.spotify.com/v1/tracks/4AroLtsd0GANCASuU6MNZR,https://api.spotify.com/v1/audio-analysis/4AroLtsd0GANCASuU6MNZR,139720,4
The Death Ramps,Teddy Picker,Arctic Monkeys,02-12-07,329ajST50FgS9VdSpoofvg,0.35,0.806,7,-6.106,1,0.0346,4.21E-05,0.808,0.0939,0.539,160.846,audio_features,329ajST50FgS9VdSpoofvg,spotify:track:329ajST50FgS9VdSpoofvg,https://api.spotify.com/v1/tracks/329ajST50FgS9VdSpoofvg,https://api.spotify.com/v1/audio-analysis/329ajST50FgS9VdSpoofvg,201173,4
Nettles,Teddy Picker,Arctic Monkeys,02-12-07,4mF8UHxjMoYz3cZkTU575d,0.377,0.912,11,-5.125,0,0.215,0.000182,0,0.078,0.455,111.012,audio_features,4mF8UHxjMoYz3cZkTU575d,spotify:track:4mF8UHxjMoYz3cZkTU575d,https://api.spotify.com/v1/tracks/4mF8UHxjMoYz3cZkTU575d,https://api.spotify.com/v1/audio-analysis/4mF8UHxjMoYz3cZkTU575d,104987,3
Fluorescent Adolescent,Fluorescent Adolescent,Arctic Monkeys,08-07-07,4ZNKT02ZKb9P6iBtXLIYQv,0.654,0.828,1,-5.377,0,0.0281,0.00146,0.000144,0.122,0.79,112.056,audio_features,4ZNKT02ZKb9P6iBtXLIYQv,spotify:track:4ZNKT02ZKb9P6iBtXLIYQv,https://api.spotify.com/v1/tracks/4ZNKT02ZKb9P6iBtXLIYQv,https://api.spotify.com/v1/audio-analysis/4ZNKT02ZKb9P6iBtXLIYQv,183893,4
The Bakery,Fluorescent Adolescent,Arctic Monkeys,08-07-07,2amJsWuU8ohAth78f2QOLD,0.574,0.793,11,-6.059,0,0.0321,0.00814,0.00874,0.161,0.678,119.977,audio_features,2amJsWuU8ohAth78f2QOLD,spotify:track:2amJsWuU8ohAth78f2QOLD,https://api.spotify.com/v1/tracks/2amJsWuU8ohAth78f2QOLD,https://api.spotify.com/v1/audio-analysis/2amJsWuU8ohAth78f2QOLD,176520,4
Plastic Tramp,Fluorescent Adolescent,Arctic Monkeys,08-07-07,1oXsmzLhOxjYgWFXZqfyV8,0.361,0.87,7,-4.527,1,0.136,0.00102,0.000896,0.438,0.472,175.133,audio_features,1oXsmzLhOxjYgWFXZqfyV8,spotify:track:1oXsmzLhOxjYgWFXZqfyV8,https://api.spotify.com/v1/tracks/1oXsmzLhOxjYgWFXZqfyV8,https://api.spotify.com/v1/audio-analysis/1oXsmzLhOxjYgWFXZqfyV8,173520,4
Too Much To Ask,Fluorescent Adolescent,Arctic Monkeys,08-07-07,1LSwssG5oIAMXYcvpOoPLC,0.724,0.757,9,-4.787,0,0.0274,0.00777,0.000154,0.215,0.878,109.98,audio_features,1LSwssG5oIAMXYcvpOoPLC,spotify:track:1LSwssG5oIAMXYcvpOoPLC,https://api.spotify.com/v1/tracks/1LSwssG5oIAMXYcvpOoPLC,https://api.spotify.com/v1/audio-analysis/1LSwssG5oIAMXYcvpOoPLC,183253,4
Da Frame 2R,Da Frame 2R / Matador,Arctic Monkeys,18-06-07,5N9WILhxABMfPnBI1ZZuuD,0.586,0.979,11,-6.387,0,0.0526,0.000604,0.000496,0.113,0.64,102.527,audio_features,5N9WILhxABMfPnBI1ZZuuD,spotify:track:5N9WILhxABMfPnBI1ZZuuD,https://api.spotify.com/v1/tracks/5N9WILhxABMfPnBI1ZZuuD,https://api.spotify.com/v1/audio-analysis/5N9WILhxABMfPnBI1ZZuuD,142547,4
Matador,Da Frame 2R / Matador,Arctic Monkeys,18-06-07,7B9jAy9P2oGMcLXv0ug18N,0.343,0.882,2,-5.965,1,0.0913,0.000359,0.516,0.0759,0.394,105.005,audio_features,7B9jAy9P2oGMcLXv0ug18N,spotify:track:7B9jAy9P2oGMcLXv0ug18N,https://api.spotify.com/v1/tracks/7B9jAy9P2oGMcLXv0ug18N,https://api.spotify.com/v1/audio-analysis/7B9jAy9P2oGMcLXv0ug18N,298947,4
If You Found This It's Probably Too Late,Brianstorm,Arctic Monkeys,15-04-07,7acChxuhSqsGWN2b0SHHZe,0.235,0.913,8,-5.129,1,0.406,0.000821,7.36E-05,0.315,0.405,215.572,audio_features,7acChxuhSqsGWN2b0SHHZe,spotify:track:7acChxuhSqsGWN2b0SHHZe,https://api.spotify.com/v1/tracks/7acChxuhSqsGWN2b0SHHZe,https://api.spotify.com/v1/audio-analysis/7acChxuhSqsGWN2b0SHHZe,94373,4
Brianstorm,Brianstorm,Arctic Monkeys,15-04-07,6RUwlBcK959CotJDxHh0QU,0.42,0.974,1,-4.706,1,0.191,8.15E-05,0.00155,0.0871,0.463,165.182,audio_features,6RUwlBcK959CotJDxHh0QU,spotify:track:6RUwlBcK959CotJDxHh0QU,https://api.spotify.com/v1/tracks/6RUwlBcK959CotJDxHh0QU,https://api.spotify.com/v1/audio-analysis/6RUwlBcK959CotJDxHh0QU,172867,4
Temptation Greets You Like Your Naughty Friend,Brianstorm,Arctic Monkeys,15-04-07,3fcJX31CLvMOzcWR0HFn8B,0.612,0.895,4,-5.003,0,0.0462,0.000727,0,0.0378,0.808,140.411,audio_features,3fcJX31CLvMOzcWR0HFn8B,spotify:track:3fcJX31CLvMOzcWR0HFn8B,https://api.spotify.com/v1/tracks/3fcJX31CLvMOzcWR0HFn8B,https://api.spotify.com/v1/audio-analysis/3fcJX31CLvMOzcWR0HFn8B,209227,4
What If You Were Right The First Time?,Brianstorm,Arctic Monkeys,15-04-07,3acb2sXcXrUQGFYJE2qHs8,0.258,0.978,10,-4.464,0,0.139,4.77E-05,0.0219,0.0454,0.367,145.866,audio_features,3acb2sXcXrUQGFYJE2qHs8,spotify:track:3acb2sXcXrUQGFYJE2qHs8,https://api.spotify.com/v1/tracks/3acb2sXcXrUQGFYJE2qHs8,https://api.spotify.com/v1/audio-analysis/3acb2sXcXrUQGFYJE2qHs8,182920,4
Leave Before The Lights Come On,Leave Before The Lights Come On,Arctic Monkeys,14-08-06,4Du0BRUJvKybzxcRplp7HF,0.365,0.887,0,-4.579,1,0.0417,0.00272,2.18E-05,0.0923,0.916,150.718,audio_features,4Du0BRUJvKybzxcRplp7HF,spotify:track:4Du0BRUJvKybzxcRplp7HF,https://api.spotify.com/v1/tracks/4Du0BRUJvKybzxcRplp7HF,https://api.spotify.com/v1/audio-analysis/4Du0BRUJvKybzxcRplp7HF,233947,4
Put Your Dukes Up John,Leave Before The Lights Come On,Arctic Monkeys,14-08-06,5TISxJmfrMXXHISkLs7xoN,0.34,0.987,5,-4.119,1,0.18,0.0326,0.0991,0.746,0.368,168.645,audio_features,5TISxJmfrMXXHISkLs7xoN,spotify:track:5TISxJmfrMXXHISkLs7xoN,https://api.spotify.com/v1/tracks/5TISxJmfrMXXHISkLs7xoN,https://api.spotify.com/v1/audio-analysis/5TISxJmfrMXXHISkLs7xoN,183960,4
Baby I'm Yours,Leave Before The Lights Come On,Arctic Monkeys,14-08-06,0SzvmWfOhoxZVGrmvb56YL,0.462,0.595,2,-9.363,1,0.0347,0.215,0,0.184,0.64,113.719,audio_features,0SzvmWfOhoxZVGrmvb56YL,spotify:track:0SzvmWfOhoxZVGrmvb56YL,https://api.spotify.com/v1/tracks/0SzvmWfOhoxZVGrmvb56YL,https://api.spotify.com/v1/audio-analysis/0SzvmWfOhoxZVGrmvb56YL,152613,4
The View From The Afternoon,Who The F*** Are Arctic Monkeys?,Arctic Monkeys,22-04-06,7tQS3ubhSV2EenrYAAHTlq,0.387,0.922,9,-5.192,0,0.0674,0.00487,0,0.187,0.417,146.478,audio_features,7tQS3ubhSV2EenrYAAHTlq,spotify:track:7tQS3ubhSV2EenrYAAHTlq,https://api.spotify.com/v1/tracks/7tQS3ubhSV2EenrYAAHTlq,https://api.spotify.com/v1/audio-analysis/7tQS3ubhSV2EenrYAAHTlq,222947,4
Cigarette Smoker Fiona,Who The F*** Are Arctic Monkeys?,Arctic Monkeys,22-04-06,4p2hMNZn99j1awX7EsxO8u,0.372,0.841,9,-7.184,0,0.206,0.000654,2.36E-05,0.0633,0.322,143.283,audio_features,4p2hMNZn99j1awX7EsxO8u,spotify:track:4p2hMNZn99j1awX7EsxO8u,https://api.spotify.com/v1/tracks/4p2hMNZn99j1awX7EsxO8u,https://api.spotify.com/v1/audio-analysis/4p2hMNZn99j1awX7EsxO8u,176547,4
Despair In The Departure Lounge,Who The F*** Are Arctic Monkeys?,Arctic Monkeys,22-04-06,605E2oDpy3uSIhbRFcrQyn,0.316,0.306,2,-13.322,1,0.0411,0.676,0.0025,0.0809,0.284,85.255,audio_features,605E2oDpy3uSIhbRFcrQyn,spotify:track:605E2oDpy3uSIhbRFcrQyn,https://api.spotify.com/v1/tracks/605E2oDpy3uSIhbRFcrQyn,https://api.spotify.com/v1/audio-analysis/605E2oDpy3uSIhbRFcrQyn,202853,4
No Buses,Who The F*** Are Arctic Monkeys?,Arctic Monkeys,22-04-06,6mOiT65GFmXgBAviM3lrsE,0.481,0.524,4,-9.051,1,0.0369,0.155,0.000147,0.0523,0.425,101.883,audio_features,6mOiT65GFmXgBAviM3lrsE,spotify:track:6mOiT65GFmXgBAviM3lrsE,https://api.spotify.com/v1/tracks/6mOiT65GFmXgBAviM3lrsE,https://api.spotify.com/v1/audio-analysis/6mOiT65GFmXgBAviM3lrsE,197320,4
Who The Fuck Are Arctic Monkeys?,Who The F*** Are Arctic Monkeys?,Arctic Monkeys,22-04-06,05FVS9qqWq2A82fYCtblkt,0.348,0.896,4,-7.63,0,0.0397,0.000216,0.0173,0.168,0.572,132.577,audio_features,05FVS9qqWq2A82fYCtblkt,spotify:track:05FVS9qqWq2A82fYCtblkt,https://api.spotify.com/v1/tracks/05FVS9qqWq2A82fYCtblkt,https://api.spotify.com/v1/audio-analysis/05FVS9qqWq2A82fYCtblkt,336827,4
When The Sun Goes Down,When The Sun Goes Down,Arctic Monkeys,16-01-06,4PzPu8jUV8AwjOxdNFP6aL,0.348,0.875,11,-4.758,0,0.199,0.0341,0,0.117,0.407,169.152,audio_features,4PzPu8jUV8AwjOxdNFP6aL,spotify:track:4PzPu8jUV8AwjOxdNFP6aL,https://api.spotify.com/v1/tracks/4PzPu8jUV8AwjOxdNFP6aL,https://api.spotify.com/v1/audio-analysis/4PzPu8jUV8AwjOxdNFP6aL,202133,4
Settle For A Draw,When The Sun Goes Down,Arctic Monkeys,16-01-06,53HN7HhY2ItbDwMdgMyGcg,0.519,0.819,11,-6.01,1,0.0376,0.000409,0,0.345,0.706,135.101,audio_features,53HN7HhY2ItbDwMdgMyGcg,spotify:track:53HN7HhY2ItbDwMdgMyGcg,https://api.spotify.com/v1/tracks/53HN7HhY2ItbDwMdgMyGcg,https://api.spotify.com/v1/audio-analysis/53HN7HhY2ItbDwMdgMyGcg,200027,4
When The Sun Goes Down,When The Sun Goes Down,Arctic Monkeys,16-01-06,7phIOHYycq83tHdWEgQhdZ,0.348,0.875,11,-4.758,0,0.199,0.0341,0,0.117,0.407,169.152,audio_features,7phIOHYycq83tHdWEgQhdZ,spotify:track:7phIOHYycq83tHdWEgQhdZ,https://api.spotify.com/v1/tracks/7phIOHYycq83tHdWEgQhdZ,https://api.spotify.com/v1/audio-analysis/7phIOHYycq83tHdWEgQhdZ,202133,4
Stickin To The Floor,When The Sun Goes Down,Arctic Monkeys,16-01-06,4t1onFOJNYlGlb30IPJTDs,0.343,0.99,2,-3.214,1,0.46,0.0109,3.62E-06,0.193,0.195,187.894,audio_features,4t1onFOJNYlGlb30IPJTDs,spotify:track:4t1onFOJNYlGlb30IPJTDs,https://api.spotify.com/v1/tracks/4t1onFOJNYlGlb30IPJTDs,https://api.spotify.com/v1/audio-analysis/4t1onFOJNYlGlb30IPJTDs,80973,4
7,When The Sun Goes Down,Arctic Monkeys,16-01-06,5IKz3HfzRT3EAhxCsrBqwf,0.466,0.976,9,-4.104,0,0.105,0.00171,8.37E-06,0.0729,0.541,98.377,audio_features,5IKz3HfzRT3EAhxCsrBqwf,spotify:track:5IKz3HfzRT3EAhxCsrBqwf,https://api.spotify.com/v1/tracks/5IKz3HfzRT3EAhxCsrBqwf,https://api.spotify.com/v1/audio-analysis/5IKz3HfzRT3EAhxCsrBqwf,128507,4
I Bet You Look Good On The Dancefloor,I Bet You Look Good On The Dancefloor,Arctic Monkeys,17-10-05,6uV5q0yxaOujbxkwUCUEEf,0.538,0.966,6,-3.621,0,0.0358,0.000112,0,0.334,0.733,103.172,audio_features,6uV5q0yxaOujbxkwUCUEEf,spotify:track:6uV5q0yxaOujbxkwUCUEEf,https://api.spotify.com/v1/tracks/6uV5q0yxaOujbxkwUCUEEf,https://api.spotify.com/v1/audio-analysis/6uV5q0yxaOujbxkwUCUEEf,176467,4
Bigger Boys and Stolen Sweethearts,I Bet You Look Good On The Dancefloor,Arctic Monkeys,17-10-05,4TC0dnB5DxvoKcsalffFZe,0.494,0.587,9,-7.323,1,0.0324,0.00518,0,0.0892,0.605,131.774,audio_features,4TC0dnB5DxvoKcsalffFZe,spotify:track:4TC0dnB5DxvoKcsalffFZe,https://api.spotify.com/v1/tracks/4TC0dnB5DxvoKcsalffFZe,https://api.spotify.com/v1/audio-analysis/4TC0dnB5DxvoKcsalffFZe,180640,4
Chun Li Flying Bird Kick,I Bet You Look Good On The Dancefloor,Arctic Monkeys,17-10-05,4DLLB9erwRrOPPVQLitCyV,0.669,0.846,7,-5.384,1,0.0295,0.00325,0.82,0.0651,0.552,107.034,audio_features,4DLLB9erwRrOPPVQLitCyV,spotify:track:4DLLB9erwRrOPPVQLitCyV,https://api.spotify.com/v1/tracks/4DLLB9erwRrOPPVQLitCyV,https://api.spotify.com/v1/audio-analysis/4DLLB9erwRrOPPVQLitCyV,280693,4
The Modern Age - Rough Trade Version,The Singles - Volume 01,The Strokes,24-02-23,5KIYVXGdws1ZhZYNJHo0st,0.493,0.787,2,-7.712,1,0.0334,0.0224,0.00227,0.253,0.88,160.12,audio_features,5KIYVXGdws1ZhZYNJHo0st,spotify:track:5KIYVXGdws1ZhZYNJHo0st,https://api.spotify.com/v1/tracks/5KIYVXGdws1ZhZYNJHo0st,https://api.spotify.com/v1/audio-analysis/5KIYVXGdws1ZhZYNJHo0st,192854,4
Last Nite - Rough Trade Version - The Modern Age B-Side,The Singles - Volume 01,The Strokes,24-02-23,0V40nmTfhHj1PznhO0dDho,0.399,0.745,0,-7.497,1,0.0329,0.0438,0,0.112,0.514,207.923,audio_features,0V40nmTfhHj1PznhO0dDho,spotify:track:0V40nmTfhHj1PznhO0dDho,https://api.spotify.com/v1/tracks/0V40nmTfhHj1PznhO0dDho,https://api.spotify.com/v1/audio-analysis/0V40nmTfhHj1PznhO0dDho,198549,4
Hard To Explain,The Singles - Volume 01,The Strokes,24-02-23,0ILknNMr0j0cCFKv6rcG12,0.407,0.686,7,-6.266,1,0.0558,0.00042,0.837,0.0764,0.662,82.495,audio_features,0ILknNMr0j0cCFKv6rcG12,spotify:track:0ILknNMr0j0cCFKv6rcG12,https://api.spotify.com/v1/tracks/0ILknNMr0j0cCFKv6rcG12,https://api.spotify.com/v1/audio-analysis/0ILknNMr0j0cCFKv6rcG12,224411,4
New York City Cops (Hard to Explain B-Side),The Singles - Volume 01,The Strokes,24-02-23,1aO0sdeJmK4XQM5Ft7TkTg,0.52,0.842,0,-7.664,1,0.0352,0.0633,4.49E-05,0.384,0.512,107.958,audio_features,1aO0sdeJmK4XQM5Ft7TkTg,spotify:track:1aO0sdeJmK4XQM5Ft7TkTg,https://api.spotify.com/v1/tracks/1aO0sdeJmK4XQM5Ft7TkTg,https://api.spotify.com/v1/audio-analysis/1aO0sdeJmK4XQM5Ft7TkTg,209505,4
Last Nite,The Singles - Volume 01,The Strokes,24-02-23,03ev8WBPzDr9KJDdNhSHz9,0.624,0.899,0,-5.709,1,0.0296,0.0221,0.000137,0.0975,0.79,104.061,audio_features,03ev8WBPzDr9KJDdNhSHz9,spotify:track:03ev8WBPzDr9KJDdNhSHz9,https://api.spotify.com/v1/tracks/03ev8WBPzDr9KJDdNhSHz9,https://api.spotify.com/v1/audio-analysis/03ev8WBPzDr9KJDdNhSHz9,193373,4
When It Started (Last Nite B-Side),The Singles - Volume 01,The Strokes,24-02-23,3mU9Pjls8PszKKmrwhTG78,0.721,0.654,0,-8.107,1,0.0329,0.268,0.00392,0.15,0.903,131.961,audio_features,3mU9Pjls8PszKKmrwhTG78,spotify:track:3mU9Pjls8PszKKmrwhTG78,https://api.spotify.com/v1/tracks/3mU9Pjls8PszKKmrwhTG78,https://api.spotify.com/v1/audio-analysis/3mU9Pjls8PszKKmrwhTG78,175200,4
Someday,The Singles - Volume 01,The Strokes,24-02-23,30RnpgACKEC9LTWEe0ShTl,0.542,0.53,9,-7.468,1,0.0302,0.00362,0,0.361,0.65,105.981,audio_features,30RnpgACKEC9LTWEe0ShTl,spotify:track:30RnpgACKEC9LTWEe0ShTl,https://api.spotify.com/v1/tracks/30RnpgACKEC9LTWEe0ShTl,https://api.spotify.com/v1/audio-analysis/30RnpgACKEC9LTWEe0ShTl,183487,4
"Alone, Together - Home Recording - Someday B-Side",The Singles - Volume 01,The Strokes,24-02-23,4Nv3DAqf83IReHmClSH00V,0.501,0.643,9,-7.511,0,0.0268,0.0445,0.209,0.311,0.637,143.324,audio_features,4Nv3DAqf83IReHmClSH00V,spotify:track:4Nv3DAqf83IReHmClSH00V,https://api.spotify.com/v1/tracks/4Nv3DAqf83IReHmClSH00V,https://api.spotify.com/v1/audio-analysis/4Nv3DAqf83IReHmClSH00V,197137,4
Is This It - Home Recording - Someday B-Side,The Singles - Volume 01,The Strokes,24-02-23,6IjI1wt0hzuAf1dZTd6Ju8,0.348,0.388,4,-7.232,1,0.0635,0.189,0,0.192,0.91,209.063,audio_features,6IjI1wt0hzuAf1dZTd6Ju8,spotify:track:6IjI1wt0hzuAf1dZTd6Ju8,https://api.spotify.com/v1/tracks/6IjI1wt0hzuAf1dZTd6Ju8,https://api.spotify.com/v1/audio-analysis/6IjI1wt0hzuAf1dZTd6Ju8,72664,4
12:51,The Singles - Volume 01,The Strokes,24-02-23,2b4lQrOhcM7Sw49e0qG1nV,0.452,0.863,4,-3.864,1,0.0387,0.321,0.796,0.331,0.58,145.008,audio_features,2b4lQrOhcM7Sw49e0qG1nV,spotify:track:2b4lQrOhcM7Sw49e0qG1nV,https://api.spotify.com/v1/tracks/2b4lQrOhcM7Sw49e0qG1nV,https://api.spotify.com/v1/audio-analysis/2b4lQrOhcM7Sw49e0qG1nV,146841,4
The Way It Is - Home Recording - 12:51 B-Side,The Singles - Volume 01,The Strokes,24-02-23,1N69jb6aVka6678wLZzB4i,0.661,0.994,4,-6.081,1,0.127,0.153,0.783,0.0822,0.161,133.984,audio_features,1N69jb6aVka6678wLZzB4i,spotify:track:1N69jb6aVka6678wLZzB4i,https://api.spotify.com/v1/tracks/1N69jb6aVka6678wLZzB4i,https://api.spotify.com/v1/audio-analysis/1N69jb6aVka6678wLZzB4i,76985,4
Reptilia,The Singles - Volume 01,The Strokes,24-02-23,1Sl4OsD0F6Iy91YBDQyOzl,0.491,0.645,9,-5.114,1,0.0329,0.000643,0.693,0.105,0.756,158.035,audio_features,1Sl4OsD0F6Iy91YBDQyOzl,spotify:track:1Sl4OsD0F6Iy91YBDQyOzl,https://api.spotify.com/v1/tracks/1Sl4OsD0F6Iy91YBDQyOzl,https://api.spotify.com/v1/audio-analysis/1Sl4OsD0F6Iy91YBDQyOzl,215324,4
Modern Girls & Old Fashion Men - Reptilia B-Side,The Singles - Volume 01,The Strokes,24-02-23,5hNW46qZA7BcZ2qf6lbhNm,0.507,0.602,9,-4.222,1,0.029,0.0212,0.561,0.0541,0.325,110.897,audio_features,5hNW46qZA7BcZ2qf6lbhNm,spotify:track:5hNW46qZA7BcZ2qf6lbhNm,https://api.spotify.com/v1/tracks/5hNW46qZA7BcZ2qf6lbhNm,https://api.spotify.com/v1/audio-analysis/5hNW46qZA7BcZ2qf6lbhNm,218418,4
The End Has No End,The Singles - Volume 01,The Strokes,24-02-23,5aAOtPhYRXlBE5H3mboB8v,0.527,0.644,1,-3.727,1,0.0355,0.000588,0.843,0.32,0.573,136.007,audio_features,5aAOtPhYRXlBE5H3mboB8v,spotify:track:5aAOtPhYRXlBE5H3mboB8v,https://api.spotify.com/v1/tracks/5aAOtPhYRXlBE5H3mboB8v,https://api.spotify.com/v1/audio-analysis/5aAOtPhYRXlBE5H3mboB8v,180048,4
"Clampdown - The End Has No End B-Side / Live at Alexandra Palace, London, UK - Dec. 5, 2003",The Singles - Volume 01,The Strokes,24-02-23,2NpASZ796KewPmSDMHDhPN,0.267,0.417,2,-5.744,1,0.0725,0.389,0.593,0.468,0.492,148.304,audio_features,2NpASZ796KewPmSDMHDhPN,spotify:track:2NpASZ796KewPmSDMHDhPN,https://api.spotify.com/v1/tracks/2NpASZ796KewPmSDMHDhPN,https://api.spotify.com/v1/audio-analysis/2NpASZ796KewPmSDMHDhPN,249481,4
Juicebox,The Singles - Volume 01,The Strokes,24-02-23,2hcDYqyw8L7zJaZ6n8dzIZ,0.453,0.984,2,-2.376,0,0.125,0.00136,0.00584,0.0844,0.574,155.035,audio_features,2hcDYqyw8L7zJaZ6n8dzIZ,spotify:track:2hcDYqyw8L7zJaZ6n8dzIZ,https://api.spotify.com/v1/tracks/2hcDYqyw8L7zJaZ6n8dzIZ,https://api.spotify.com/v1/audio-analysis/2hcDYqyw8L7zJaZ6n8dzIZ,194183,4
Hawaii - Juicebox B-Side,The Singles - Volume 01,The Strokes,24-02-23,6s9oj6aPupVSA1CSaaVZZL,0.301,0.87,9,-5.942,1,0.047,7.17E-05,0.601,0.272,0.175,170.003,audio_features,6s9oj6aPupVSA1CSaaVZZL,spotify:track:6s9oj6aPupVSA1CSaaVZZL,https://api.spotify.com/v1/tracks/6s9oj6aPupVSA1CSaaVZZL,https://api.spotify.com/v1/audio-analysis/6s9oj6aPupVSA1CSaaVZZL,232562,4
Heart In a Cage,The Singles - Volume 01,The Strokes,24-02-23,3gTqF4Y2IzGuHbAcbjlv69,0.425,0.856,8,-5.135,1,0.0394,2.91E-06,0.833,0.377,0.125,140.058,audio_features,3gTqF4Y2IzGuHbAcbjlv69,spotify:track:3gTqF4Y2IzGuHbAcbjlv69,https://api.spotify.com/v1/tracks/3gTqF4Y2IzGuHbAcbjlv69,https://api.spotify.com/v1/audio-analysis/3gTqF4Y2IzGuHbAcbjlv69,206429,4
"I'll Try Anything Once (""You Only Live Once"" demo) - Heart In a Cage B-Side",The Singles - Volume 01,The Strokes,24-02-23,1L0C3xvOtzHSOSZ5T59n0L,0.468,0.264,0,-9.958,1,0.0503,0.985,0.0109,0.172,0.324,119.422,audio_features,1L0C3xvOtzHSOSZ5T59n0L,spotify:track:1L0C3xvOtzHSOSZ5T59n0L,https://api.spotify.com/v1/tracks/1L0C3xvOtzHSOSZ5T59n0L,https://api.spotify.com/v1/audio-analysis/1L0C3xvOtzHSOSZ5T59n0L,194651,4
You Only Live Once,The Singles - Volume 01,The Strokes,24-02-23,0j2ETZsGM21Q3wKpVNBVJN,0.63,0.907,11,-2.42,1,0.0326,0.0243,0.599,0.118,0.968,120.526,audio_features,0j2ETZsGM21Q3wKpVNBVJN,spotify:track:0j2ETZsGM21Q3wKpVNBVJN,https://api.spotify.com/v1/tracks/0j2ETZsGM21Q3wKpVNBVJN,https://api.spotify.com/v1/audio-analysis/0j2ETZsGM21Q3wKpVNBVJN,186304,4
Mercy Mercy Me (The Ecology) - You Only Live Once B-Side,The Singles - Volume 01,The Strokes,24-02-23,2sXWm9aau5alAxKifepUpA,0.449,0.875,10,-5.347,0,0.062,6.90E-06,0.145,0.0664,0.804,91.956,audio_features,2sXWm9aau5alAxKifepUpA,spotify:track:2sXWm9aau5alAxKifepUpA,https://api.spotify.com/v1/tracks/2sXWm9aau5alAxKifepUpA,https://api.spotify.com/v1/audio-analysis/2sXWm9aau5alAxKifepUpA,157920,4
The Adults Are Talking,The New Abnormal,The Strokes,10-04-20,5ruzrDWcT0vuJIOMW7gMnW,0.593,0.749,5,-5.67,1,0.0475,0.0113,0.106,0.314,0.649,164.959,audio_features,5ruzrDWcT0vuJIOMW7gMnW,spotify:track:5ruzrDWcT0vuJIOMW7gMnW,https://api.spotify.com/v1/tracks/5ruzrDWcT0vuJIOMW7gMnW,https://api.spotify.com/v1/audio-analysis/5ruzrDWcT0vuJIOMW7gMnW,309053,4
Selfless,The New Abnormal,The Strokes,10-04-20,2t0wwvR15fc3K1ey8OiOaN,0.538,0.679,4,-4.297,1,0.0333,0.191,0.00175,0.0889,0.0888,121.99,audio_features,2t0wwvR15fc3K1ey8OiOaN,spotify:track:2t0wwvR15fc3K1ey8OiOaN,https://api.spotify.com/v1/tracks/2t0wwvR15fc3K1ey8OiOaN,https://api.spotify.com/v1/audio-analysis/2t0wwvR15fc3K1ey8OiOaN,222093,4
Brooklyn Bridge To Chorus,The New Abnormal,The Strokes,10-04-20,2mDYYGaGd9uXKkK2YhDA3i,0.628,0.571,0,-3.897,1,0.0628,0.00602,9.21E-05,0.0833,0.467,119.899,audio_features,2mDYYGaGd9uXKkK2YhDA3i,spotify:track:2mDYYGaGd9uXKkK2YhDA3i,https://api.spotify.com/v1/tracks/2mDYYGaGd9uXKkK2YhDA3i,https://api.spotify.com/v1/audio-analysis/2mDYYGaGd9uXKkK2YhDA3i,235947,4
Bad Decisions,The New Abnormal,The Strokes,10-04-20,55N8cxpE1QDoeaaNqUnoZ2,0.374,0.922,0,-3.4,1,0.056,0.0135,0.204,0.28,0.393,153.217,audio_features,55N8cxpE1QDoeaaNqUnoZ2,spotify:track:55N8cxpE1QDoeaaNqUnoZ2,https://api.spotify.com/v1/tracks/55N8cxpE1QDoeaaNqUnoZ2,https://api.spotify.com/v1/audio-analysis/55N8cxpE1QDoeaaNqUnoZ2,293360,4
Eternal Summer,The New Abnormal,The Strokes,10-04-20,6IRzBP4gVoV4D2zHmocoWy,0.617,0.78,7,-4.466,0,0.0376,0.0141,0.0112,0.0833,0.326,93.951,audio_features,6IRzBP4gVoV4D2zHmocoWy,spotify:track:6IRzBP4gVoV4D2zHmocoWy,https://api.spotify.com/v1/tracks/6IRzBP4gVoV4D2zHmocoWy,https://api.spotify.com/v1/audio-analysis/6IRzBP4gVoV4D2zHmocoWy,375320,4
At The Door,The New Abnormal,The Strokes,10-04-20,7lu6YLrlB1MU7HW8DJSuPa,0.456,0.323,10,-6.764,1,0.0318,0.858,0.00913,0.146,0.363,116.903,audio_features,7lu6YLrlB1MU7HW8DJSuPa,spotify:track:7lu6YLrlB1MU7HW8DJSuPa,https://api.spotify.com/v1/tracks/7lu6YLrlB1MU7HW8DJSuPa,https://api.spotify.com/v1/audio-analysis/7lu6YLrlB1MU7HW8DJSuPa,310373,4
Why Are Sundays So Depressing,The New Abnormal,The Strokes,10-04-20,1aOxOpH4AkGAd8OMrKjyNY,0.579,0.714,0,-4.455,1,0.0347,0.00258,0.0269,0.111,0.299,109.971,audio_features,1aOxOpH4AkGAd8OMrKjyNY,spotify:track:1aOxOpH4AkGAd8OMrKjyNY,https://api.spotify.com/v1/tracks/1aOxOpH4AkGAd8OMrKjyNY,https://api.spotify.com/v1/audio-analysis/1aOxOpH4AkGAd8OMrKjyNY,275667,4
Not The Same Anymore,The New Abnormal,The Strokes,10-04-20,5ncofiedz9Ej6YkvvXMKVn,0.353,0.613,9,-5.9,1,0.031,0.384,0.0123,0.103,0.282,177.375,audio_features,5ncofiedz9Ej6YkvvXMKVn,spotify:track:5ncofiedz9Ej6YkvvXMKVn,https://api.spotify.com/v1/tracks/5ncofiedz9Ej6YkvvXMKVn,https://api.spotify.com/v1/audio-analysis/5ncofiedz9Ej6YkvvXMKVn,337333,4
Ode To The Mets,The New Abnormal,The Strokes,10-04-20,1BLOVHYYlH4JUHQGcpt75R,0.426,0.617,1,-5.423,0,0.0289,0.341,0.181,0.101,0.201,92.002,audio_features,1BLOVHYYlH4JUHQGcpt75R,spotify:track:1BLOVHYYlH4JUHQGcpt75R,https://api.spotify.com/v1/tracks/1BLOVHYYlH4JUHQGcpt75R,https://api.spotify.com/v1/audio-analysis/1BLOVHYYlH4JUHQGcpt75R,351787,4
Tap Out,Comedown Machine,The Strokes,25-03-13,2ThdB23G9Rgf1ExndFGEEg,0.737,0.745,9,-5.944,1,0.0351,0.0176,0.381,0.306,0.629,115.989,audio_features,2ThdB23G9Rgf1ExndFGEEg,spotify:track:2ThdB23G9Rgf1ExndFGEEg,https://api.spotify.com/v1/tracks/2ThdB23G9Rgf1ExndFGEEg,https://api.spotify.com/v1/audio-analysis/2ThdB23G9Rgf1ExndFGEEg,222360,4
All The Time,Comedown Machine,The Strokes,25-03-13,7uFZNMEZzAGOwQ6EZID1K4,0.403,0.883,2,-6.054,1,0.0745,8.44E-05,0.65,0.126,0.078,141.945,audio_features,7uFZNMEZzAGOwQ6EZID1K4,spotify:track:7uFZNMEZzAGOwQ6EZID1K4,https://api.spotify.com/v1/tracks/7uFZNMEZzAGOwQ6EZID1K4,https://api.spotify.com/v1/audio-analysis/7uFZNMEZzAGOwQ6EZID1K4,181373,4
One Way Trigger,Comedown Machine,The Strokes,25-03-13,5GKVcvTgnFYtfh25qKQtRg,0.516,0.942,2,-4.113,1,0.036,0.000182,0.464,0.116,0.964,95.996,audio_features,5GKVcvTgnFYtfh25qKQtRg,spotify:track:5GKVcvTgnFYtfh25qKQtRg,https://api.spotify.com/v1/tracks/5GKVcvTgnFYtfh25qKQtRg,https://api.spotify.com/v1/audio-analysis/5GKVcvTgnFYtfh25qKQtRg,242293,4
Welcome To Japan,Comedown Machine,The Strokes,25-03-13,7bfocP7GYoLOutUYpTI8tx,0.705,0.666,2,-7.23,0,0.0303,0.00233,0.0149,0.174,0.646,124.032,audio_features,7bfocP7GYoLOutUYpTI8tx,spotify:track:7bfocP7GYoLOutUYpTI8tx,https://api.spotify.com/v1/tracks/7bfocP7GYoLOutUYpTI8tx,https://api.spotify.com/v1/audio-analysis/7bfocP7GYoLOutUYpTI8tx,230827,4
80's Comedown Machine,Comedown Machine,The Strokes,25-03-13,2lffRiAET2Xt6BNb4EmkS2,0.488,0.503,0,-8.89,1,0.0326,0.00583,0.809,0.101,0.38,144.035,audio_features,2lffRiAET2Xt6BNb4EmkS2,spotify:track:2lffRiAET2Xt6BNb4EmkS2,https://api.spotify.com/v1/tracks/2lffRiAET2Xt6BNb4EmkS2,https://api.spotify.com/v1/audio-analysis/2lffRiAET2Xt6BNb4EmkS2,298613,4
50/50,Comedown Machine,The Strokes,25-03-13,5MPryR3oJGmWnSYM7X2GGE,0.491,0.93,11,-6.412,0,0.0347,4.23E-05,0.612,0.219,0.623,99.924,audio_features,5MPryR3oJGmWnSYM7X2GGE,spotify:track:5MPryR3oJGmWnSYM7X2GGE,https://api.spotify.com/v1/tracks/5MPryR3oJGmWnSYM7X2GGE,https://api.spotify.com/v1/audio-analysis/5MPryR3oJGmWnSYM7X2GGE,163227,4
Slow Animals,Comedown Machine,The Strokes,25-03-13,5y1FCAhYarSCNO9I9hS82M,0.664,0.646,9,-7.934,1,0.0284,0.0658,0.28,0.0954,0.5,131.993,audio_features,5y1FCAhYarSCNO9I9hS82M,spotify:track:5y1FCAhYarSCNO9I9hS82M,https://api.spotify.com/v1/tracks/5y1FCAhYarSCNO9I9hS82M,https://api.spotify.com/v1/audio-analysis/5y1FCAhYarSCNO9I9hS82M,260693,4
Partners In Crime,Comedown Machine,The Strokes,25-03-13,2ncRH1zCER8iHXYhlHXyam,0.538,0.951,7,-4.741,1,0.0606,0.000934,0.0545,0.239,0.551,106.033,audio_features,2ncRH1zCER8iHXYhlHXyam,spotify:track:2ncRH1zCER8iHXYhlHXyam,https://api.spotify.com/v1/tracks/2ncRH1zCER8iHXYhlHXyam,https://api.spotify.com/v1/audio-analysis/2ncRH1zCER8iHXYhlHXyam,201893,4
Chances,Comedown Machine,The Strokes,25-03-13,718purgMpFb2Axhuz0Hbq1,0.561,0.569,6,-9.682,1,0.0289,0.365,0.611,0.109,0.53,103.705,audio_features,718purgMpFb2Axhuz0Hbq1,spotify:track:718purgMpFb2Axhuz0Hbq1,https://api.spotify.com/v1/tracks/718purgMpFb2Axhuz0Hbq1,https://api.spotify.com/v1/audio-analysis/718purgMpFb2Axhuz0Hbq1,216787,4
Happy Ending,Comedown Machine,The Strokes,25-03-13,1OXGJ7jRok4c3KBnIYkuwH,0.626,0.831,2,-7.743,1,0.0369,0.00571,0.0188,0.355,0.255,113.999,audio_features,1OXGJ7jRok4c3KBnIYkuwH,spotify:track:1OXGJ7jRok4c3KBnIYkuwH,https://api.spotify.com/v1/tracks/1OXGJ7jRok4c3KBnIYkuwH,https://api.spotify.com/v1/audio-analysis/1OXGJ7jRok4c3KBnIYkuwH,172160,4
"Call It Fate, Call It Karma",Comedown Machine,The Strokes,25-03-13,3Y4rUyw7XBCK6hGHCOt6rp,0.544,0.241,4,-14.779,0,0.03,0.983,0.774,0.101,0.359,109.437,audio_features,3Y4rUyw7XBCK6hGHCOt6rp,spotify:track:3Y4rUyw7XBCK6hGHCOt6rp,https://api.spotify.com/v1/tracks/3Y4rUyw7XBCK6hGHCOt6rp,https://api.spotify.com/v1/audio-analysis/3Y4rUyw7XBCK6hGHCOt6rp,204773,4
Machu Picchu,Angles,The Strokes,21-03-11,6mVD1SfTvlFAPVi7txFL5H,0.695,0.817,1,-5.294,1,0.0659,0.0132,0.097,0.0601,0.874,105.014,audio_features,6mVD1SfTvlFAPVi7txFL5H,spotify:track:6mVD1SfTvlFAPVi7txFL5H,https://api.spotify.com/v1/tracks/6mVD1SfTvlFAPVi7txFL5H,https://api.spotify.com/v1/audio-analysis/6mVD1SfTvlFAPVi7txFL5H,209627,4
Under Cover of Darkness,Angles,The Strokes,21-03-11,6u0x5ad9ewHvs3z6u9Oe3c,0.35,0.775,11,-3.364,1,0.054,0.00433,0.283,0.0676,0.588,199.866,audio_features,6u0x5ad9ewHvs3z6u9Oe3c,spotify:track:6u0x5ad9ewHvs3z6u9Oe3c,https://api.spotify.com/v1/tracks/6u0x5ad9ewHvs3z6u9Oe3c,https://api.spotify.com/v1/audio-analysis/6u0x5ad9ewHvs3z6u9Oe3c,235547,4
Two Kinds of Happiness,Angles,The Strokes,21-03-11,10rOqbOBlAJybglgmqaMZL,0.534,0.778,1,-5.252,1,0.0453,0.00153,0.025,0.176,0.758,137.68,audio_features,10rOqbOBlAJybglgmqaMZL,spotify:track:10rOqbOBlAJybglgmqaMZL,https://api.spotify.com/v1/tracks/10rOqbOBlAJybglgmqaMZL,https://api.spotify.com/v1/audio-analysis/10rOqbOBlAJybglgmqaMZL,222080,4
You're So Right,Angles,The Strokes,21-03-11,22iKX3jvZwZNW7RlrwQ822,0.441,0.863,2,-6.787,1,0.0363,0.000141,0.72,0.0775,0.328,168.089,audio_features,22iKX3jvZwZNW7RlrwQ822,spotify:track:22iKX3jvZwZNW7RlrwQ822,https://api.spotify.com/v1/tracks/22iKX3jvZwZNW7RlrwQ822,https://api.spotify.com/v1/audio-analysis/22iKX3jvZwZNW7RlrwQ822,153760,4
Taken for a Fool,Angles,The Strokes,21-03-11,6SdAztAqklk1zAmUHhU4N7,0.569,0.89,5,-4.447,1,0.0559,0.00595,0.0112,0.226,0.885,137.044,audio_features,6SdAztAqklk1zAmUHhU4N7,spotify:track:6SdAztAqklk1zAmUHhU4N7,https://api.spotify.com/v1/tracks/6SdAztAqklk1zAmUHhU4N7,https://api.spotify.com/v1/audio-analysis/6SdAztAqklk1zAmUHhU4N7,203240,4
Games,Angles,The Strokes,21-03-11,5pFSbiW5XewiQONONBQbqF,0.644,0.708,9,-6.742,0,0.029,0.00327,0.184,0.19,0.452,127.05,audio_features,5pFSbiW5XewiQONONBQbqF,spotify:track:5pFSbiW5XewiQONONBQbqF,https://api.spotify.com/v1/tracks/5pFSbiW5XewiQONONBQbqF,https://api.spotify.com/v1/audio-analysis/5pFSbiW5XewiQONONBQbqF,231533,4
Call Me Back,Angles,The Strokes,21-03-11,6z5mh42xSM54RncKZMM8hS,0.736,0.297,2,-9.648,1,0.035,0.863,1.49E-05,0.0609,0.185,125.78,audio_features,6z5mh42xSM54RncKZMM8hS,spotify:track:6z5mh42xSM54RncKZMM8hS,https://api.spotify.com/v1/tracks/6z5mh42xSM54RncKZMM8hS,https://api.spotify.com/v1/audio-analysis/6z5mh42xSM54RncKZMM8hS,182027,4
Gratisfaction,Angles,The Strokes,21-03-11,69YCkfZS0aOjEUPwQ4zCZ9,0.644,0.788,0,-5.039,1,0.0558,0.0456,0.34,0.237,0.708,135.437,audio_features,69YCkfZS0aOjEUPwQ4zCZ9,spotify:track:69YCkfZS0aOjEUPwQ4zCZ9,https://api.spotify.com/v1/tracks/69YCkfZS0aOjEUPwQ4zCZ9,https://api.spotify.com/v1/audio-analysis/69YCkfZS0aOjEUPwQ4zCZ9,179200,4
Metabolism,Angles,The Strokes,21-03-11,08Bkl20GdNhlh7UdUcee2r,0.422,0.85,8,-5.134,0,0.0395,4.16E-05,0.00371,0.164,0.34,162.004,audio_features,08Bkl20GdNhlh7UdUcee2r,spotify:track:08Bkl20GdNhlh7UdUcee2r,https://api.spotify.com/v1/tracks/08Bkl20GdNhlh7UdUcee2r,https://api.spotify.com/v1/audio-analysis/08Bkl20GdNhlh7UdUcee2r,180680,3
Life Is Simple in the Moonlight,Angles,The Strokes,21-03-11,4ileLT7ldd2uX8bMemWqbm,0.515,0.696,6,-5.857,0,0.0313,0.0126,0.000345,0.0916,0.513,134.893,audio_features,4ileLT7ldd2uX8bMemWqbm,spotify:track:4ileLT7ldd2uX8bMemWqbm,https://api.spotify.com/v1/tracks/4ileLT7ldd2uX8bMemWqbm,https://api.spotify.com/v1/audio-analysis/4ileLT7ldd2uX8bMemWqbm,255240,4
You Only Live Once,First Impressions Of Earth,The Strokes,03-01-06,4fPBB44eDH71YohayI4eKV,0.63,0.908,11,-2.42,1,0.0326,0.0238,0.592,0.116,0.968,120.522,audio_features,4fPBB44eDH71YohayI4eKV,spotify:track:4fPBB44eDH71YohayI4eKV,https://api.spotify.com/v1/tracks/4fPBB44eDH71YohayI4eKV,https://api.spotify.com/v1/audio-analysis/4fPBB44eDH71YohayI4eKV,189227,4
Juicebox,First Impressions Of Earth,The Strokes,03-01-06,3jjQHULAVn71k40mKwGMiV,0.462,0.981,2,-2.371,0,0.127,0.00166,0.00894,0.0856,0.547,154.995,audio_features,3jjQHULAVn71k40mKwGMiV,spotify:track:3jjQHULAVn71k40mKwGMiV,https://api.spotify.com/v1/tracks/3jjQHULAVn71k40mKwGMiV,https://api.spotify.com/v1/audio-analysis/3jjQHULAVn71k40mKwGMiV,194573,4
Heart In a Cage,First Impressions Of Earth,The Strokes,03-01-06,3mYCd23hPxJW5okSvMoy3x,0.418,0.857,8,-5.133,1,0.0404,2.73E-06,0.805,0.368,0.12,140.02,audio_features,3mYCd23hPxJW5okSvMoy3x,spotify:track:3mYCd23hPxJW5okSvMoy3x,https://api.spotify.com/v1/tracks/3mYCd23hPxJW5okSvMoy3x,https://api.spotify.com/v1/audio-analysis/3mYCd23hPxJW5okSvMoy3x,206173,4
Razorblade,First Impressions Of Earth,The Strokes,03-01-06,4UF1eupXP9Zz5GpYepyOxI,0.394,0.859,9,-3.851,1,0.0409,0.00201,0.233,0.1,0.511,136.075,audio_features,4UF1eupXP9Zz5GpYepyOxI,spotify:track:4UF1eupXP9Zz5GpYepyOxI,https://api.spotify.com/v1/tracks/4UF1eupXP9Zz5GpYepyOxI,https://api.spotify.com/v1/audio-analysis/4UF1eupXP9Zz5GpYepyOxI,208133,5
On the Other Side,First Impressions Of Earth,The Strokes,03-01-06,6oqJLFTbJ6PkgPfU0Mtjix,0.605,0.811,10,-2.341,1,0.0316,0.00367,0.000116,0.135,0.548,108.992,audio_features,6oqJLFTbJ6PkgPfU0Mtjix,spotify:track:6oqJLFTbJ6PkgPfU0Mtjix,https://api.spotify.com/v1/tracks/6oqJLFTbJ6PkgPfU0Mtjix,https://api.spotify.com/v1/audio-analysis/6oqJLFTbJ6PkgPfU0Mtjix,276507,4
Vision of Division,First Impressions Of Earth,The Strokes,03-01-06,0Tvl6Dhee6vjz65sS3KKkK,0.428,0.811,4,-3.681,0,0.0382,2.33E-05,0.434,0.359,0.138,141.95,audio_features,0Tvl6Dhee6vjz65sS3KKkK,spotify:track:0Tvl6Dhee6vjz65sS3KKkK,https://api.spotify.com/v1/tracks/0Tvl6Dhee6vjz65sS3KKkK,https://api.spotify.com/v1/audio-analysis/0Tvl6Dhee6vjz65sS3KKkK,259027,4
Ask Me Anything,First Impressions Of Earth,The Strokes,03-01-06,6THqWFqcUAAB7At66622Wr,0.376,0.31,8,-9.79,1,0.0332,0.55,0.841,0.147,0.461,131.566,audio_features,6THqWFqcUAAB7At66622Wr,spotify:track:6THqWFqcUAAB7At66622Wr,https://api.spotify.com/v1/tracks/6THqWFqcUAAB7At66622Wr,https://api.spotify.com/v1/audio-analysis/6THqWFqcUAAB7At66622Wr,189973,4
Electricityscape,First Impressions Of Earth,The Strokes,03-01-06,0bZdpukYLaMgtR4LCUhTDp,0.382,0.882,11,-4.166,1,0.0429,0.0022,0.144,0.0776,0.57,140.034,audio_features,0bZdpukYLaMgtR4LCUhTDp,spotify:track:0bZdpukYLaMgtR4LCUhTDp,https://api.spotify.com/v1/tracks/0bZdpukYLaMgtR4LCUhTDp,https://api.spotify.com/v1/audio-analysis/0bZdpukYLaMgtR4LCUhTDp,213200,4
Killing Lies,First Impressions Of Earth,The Strokes,03-01-06,0HaELdKUUyrNiDzuADLEoa,0.504,0.806,6,-4.955,1,0.0388,0.00155,0.799,0.158,0.921,120.205,audio_features,0HaELdKUUyrNiDzuADLEoa,spotify:track:0HaELdKUUyrNiDzuADLEoa,https://api.spotify.com/v1/tracks/0HaELdKUUyrNiDzuADLEoa,https://api.spotify.com/v1/audio-analysis/0HaELdKUUyrNiDzuADLEoa,228733,4
Fear of Sleep,First Impressions Of Earth,The Strokes,03-01-06,2i9wsNkqOVqffpfNbc8s2n,0.436,0.923,8,-4.444,1,0.0591,0.000282,0.823,0.356,0.272,127.731,audio_features,2i9wsNkqOVqffpfNbc8s2n,spotify:track:2i9wsNkqOVqffpfNbc8s2n,https://api.spotify.com/v1/tracks/2i9wsNkqOVqffpfNbc8s2n,https://api.spotify.com/v1/audio-analysis/2i9wsNkqOVqffpfNbc8s2n,240467,4
15 Minutes,First Impressions Of Earth,The Strokes,03-01-06,0Sqi2XLLVk5JGfZnFnidM2,0.341,0.881,2,-3.558,1,0.0411,0.00385,0.0383,0.141,0.394,82.957,audio_features,0Sqi2XLLVk5JGfZnFnidM2,spotify:track:0Sqi2XLLVk5JGfZnFnidM2,https://api.spotify.com/v1/tracks/0Sqi2XLLVk5JGfZnFnidM2,https://api.spotify.com/v1/audio-analysis/0Sqi2XLLVk5JGfZnFnidM2,273133,3
Ize of the World,First Impressions Of Earth,The Strokes,03-01-06,1TbK5nWKIxZYIRVurMvkuR,0.397,0.894,6,-3.099,0,0.0464,9.07E-06,0.642,0.0847,0.277,134.993,audio_features,1TbK5nWKIxZYIRVurMvkuR,spotify:track:1TbK5nWKIxZYIRVurMvkuR,https://api.spotify.com/v1/tracks/1TbK5nWKIxZYIRVurMvkuR,https://api.spotify.com/v1/audio-analysis/1TbK5nWKIxZYIRVurMvkuR,265773,4
Evening Sun,First Impressions Of Earth,The Strokes,03-01-06,7HxmrxySFNFu5ppnTDdNPv,0.631,0.755,9,-4.534,1,0.0311,0.32,0.00481,0.296,0.531,124.958,audio_features,7HxmrxySFNFu5ppnTDdNPv,spotify:track:7HxmrxySFNFu5ppnTDdNPv,https://api.spotify.com/v1/tracks/7HxmrxySFNFu5ppnTDdNPv,https://api.spotify.com/v1/audio-analysis/7HxmrxySFNFu5ppnTDdNPv,186000,4
Red Light,First Impressions Of Earth,The Strokes,03-01-06,6KXuDNOwiNR0q7KLGXs3Bo,0.534,0.837,11,-3.938,1,0.0407,0.000167,0.649,0.189,0.903,103.533,audio_features,6KXuDNOwiNR0q7KLGXs3Bo,spotify:track:6KXuDNOwiNR0q7KLGXs3Bo,https://api.spotify.com/v1/tracks/6KXuDNOwiNR0q7KLGXs3Bo,https://api.spotify.com/v1/audio-analysis/6KXuDNOwiNR0q7KLGXs3Bo,191693,3
What Ever Happened?,Room On Fire,The Strokes,28-10-03,78Gzxi27GuNHTfkn2BylG4,0.547,0.596,11,-6.044,1,0.0339,8.02E-05,0.739,0.273,0.584,116.17,audio_features,78Gzxi27GuNHTfkn2BylG4,spotify:track:78Gzxi27GuNHTfkn2BylG4,https://api.spotify.com/v1/tracks/78Gzxi27GuNHTfkn2BylG4,https://api.spotify.com/v1/audio-analysis/78Gzxi27GuNHTfkn2BylG4,169507,4
Reptilia,Room On Fire,The Strokes,28-10-03,57Xjny5yNzAcsxnusKmAfA,0.489,0.649,9,-5.11,1,0.0336,0.000603,0.713,0.101,0.77,158.009,audio_features,57Xjny5yNzAcsxnusKmAfA,spotify:track:57Xjny5yNzAcsxnusKmAfA,https://api.spotify.com/v1/tracks/57Xjny5yNzAcsxnusKmAfA,https://api.spotify.com/v1/audio-analysis/57Xjny5yNzAcsxnusKmAfA,219827,4
Automatic Stop,Room On Fire,The Strokes,28-10-03,6DUKQUhWqUySYngLXLNwP2,0.675,0.535,1,-6.109,1,0.0376,0.00329,0.719,0.104,0.914,105.921,audio_features,6DUKQUhWqUySYngLXLNwP2,spotify:track:6DUKQUhWqUySYngLXLNwP2,https://api.spotify.com/v1/tracks/6DUKQUhWqUySYngLXLNwP2,https://api.spotify.com/v1/audio-analysis/6DUKQUhWqUySYngLXLNwP2,207133,4
12:51,Room On Fire,The Strokes,28-10-03,6Yu1OL8I0D4vjOzYdsXYGK,0.451,0.889,4,-3.838,1,0.0379,0.312,0.8,0.558,0.592,145.056,audio_features,6Yu1OL8I0D4vjOzYdsXYGK,spotify:track:6Yu1OL8I0D4vjOzYdsXYGK,https://api.spotify.com/v1/tracks/6Yu1OL8I0D4vjOzYdsXYGK,https://api.spotify.com/v1/audio-analysis/6Yu1OL8I0D4vjOzYdsXYGK,153133,4
You Talk Way Too Much,Room On Fire,The Strokes,28-10-03,6lnnaGN20kl0jEYJSxCgU9,0.304,0.971,4,-3.226,1,0.0351,0.0594,0.955,0.0799,0.695,127.856,audio_features,6lnnaGN20kl0jEYJSxCgU9,spotify:track:6lnnaGN20kl0jEYJSxCgU9,https://api.spotify.com/v1/tracks/6lnnaGN20kl0jEYJSxCgU9,https://api.spotify.com/v1/audio-analysis/6lnnaGN20kl0jEYJSxCgU9,186267,4
Between Love & Hate,Room On Fire,The Strokes,28-10-03,5OmumaYiHYXUsYZPGLFTYJ,0.455,0.603,9,-4.919,1,0.0255,6.34E-05,0.53,0.0966,0.539,104.179,audio_features,5OmumaYiHYXUsYZPGLFTYJ,spotify:track:5OmumaYiHYXUsYZPGLFTYJ,https://api.spotify.com/v1/tracks/5OmumaYiHYXUsYZPGLFTYJ,https://api.spotify.com/v1/audio-analysis/5OmumaYiHYXUsYZPGLFTYJ,196573,4
Meet Me in the Bathroom,Room On Fire,The Strokes,28-10-03,08l9WKDuRyGeStQ9ojTlFh,0.427,0.941,7,-3.973,1,0.0336,6.70E-05,0.89,0.0772,0.587,139.956,audio_features,08l9WKDuRyGeStQ9ojTlFh,spotify:track:08l9WKDuRyGeStQ9ojTlFh,https://api.spotify.com/v1/tracks/08l9WKDuRyGeStQ9ojTlFh,https://api.spotify.com/v1/audio-analysis/08l9WKDuRyGeStQ9ojTlFh,176160,4
Under Control,Room On Fire,The Strokes,28-10-03,3kKb3U3a8jmUJQB9ypE1Jl,0.406,0.72,1,-4.647,1,0.0291,0.354,0.795,0.0541,0.641,91.336,audio_features,3kKb3U3a8jmUJQB9ypE1Jl,spotify:track:3kKb3U3a8jmUJQB9ypE1Jl,https://api.spotify.com/v1/tracks/3kKb3U3a8jmUJQB9ypE1Jl,https://api.spotify.com/v1/audio-analysis/3kKb3U3a8jmUJQB9ypE1Jl,187307,4
The Way It Is,Room On Fire,The Strokes,28-10-03,5MZBOcqI3Vpvp2PZy6ddyD,0.482,0.95,11,-2.593,1,0.0495,0.000214,0.883,0.0938,0.856,137.074,audio_features,5MZBOcqI3Vpvp2PZy6ddyD,spotify:track:5MZBOcqI3Vpvp2PZy6ddyD,https://api.spotify.com/v1/tracks/5MZBOcqI3Vpvp2PZy6ddyD,https://api.spotify.com/v1/audio-analysis/5MZBOcqI3Vpvp2PZy6ddyD,141733,4
The End Has No End,Room On Fire,The Strokes,28-10-03,0dy6iXYIF0piirySAzCBwF,0.531,0.66,1,-3.725,1,0.0335,0.000833,0.855,0.226,0.533,136.027,audio_features,0dy6iXYIF0piirySAzCBwF,spotify:track:0dy6iXYIF0piirySAzCBwF,https://api.spotify.com/v1/tracks/0dy6iXYIF0piirySAzCBwF,https://api.spotify.com/v1/audio-analysis/0dy6iXYIF0piirySAzCBwF,185560,4
I Can't Win,Room On Fire,The Strokes,28-10-03,7eX5SypK35V8Y9d9pS6rWy,0.472,0.746,11,-4.816,1,0.0321,0.00581,0.663,0.0999,0.403,97.44,audio_features,7eX5SypK35V8Y9d9pS6rWy,spotify:track:7eX5SypK35V8Y9d9pS6rWy,https://api.spotify.com/v1/tracks/7eX5SypK35V8Y9d9pS6rWy,https://api.spotify.com/v1/audio-analysis/7eX5SypK35V8Y9d9pS6rWy,162040,4
Is This It,Is This It,The Strokes,30-07-01,2pAD0PKMUMtxlMvz33tYzB,0.664,0.679,5,-8.293,1,0.03,0.149,4.84E-05,0.347,0.804,96.002,audio_features,2pAD0PKMUMtxlMvz33tYzB,spotify:track:2pAD0PKMUMtxlMvz33tYzB,https://api.spotify.com/v1/tracks/2pAD0PKMUMtxlMvz33tYzB,https://api.spotify.com/v1/audio-analysis/2pAD0PKMUMtxlMvz33tYzB,150651,4
The Modern Age,Is This It,The Strokes,30-07-01,1EsgUWQsxGBwnu3NATDjiU,0.53,0.89,2,-6.042,1,0.0328,0.0124,0.759,0.143,0.868,145.958,audio_features,1EsgUWQsxGBwnu3NATDjiU,spotify:track:1EsgUWQsxGBwnu3NATDjiU,https://api.spotify.com/v1/tracks/1EsgUWQsxGBwnu3NATDjiU,https://api.spotify.com/v1/audio-analysis/1EsgUWQsxGBwnu3NATDjiU,207679,4
Soma,Is This It,The Strokes,30-07-01,7G8hUONVhvJnkD3Ak8mNF1,0.501,0.715,0,-7.382,1,0.0301,0.0774,0.00603,0.0653,0.502,148.971,audio_features,7G8hUONVhvJnkD3Ak8mNF1,spotify:track:7G8hUONVhvJnkD3Ak8mNF1,https://api.spotify.com/v1/tracks/7G8hUONVhvJnkD3Ak8mNF1,https://api.spotify.com/v1/audio-analysis/7G8hUONVhvJnkD3Ak8mNF1,153809,4
Barely Legal,Is This It,The Strokes,30-07-01,4KC2Z9dL4jL61Ys35N6srg,0.427,0.886,0,-6.304,1,0.037,0.004,0.0532,0.0909,0.857,157.609,audio_features,4KC2Z9dL4jL61Ys35N6srg,spotify:track:4KC2Z9dL4jL61Ys35N6srg,https://api.spotify.com/v1/tracks/4KC2Z9dL4jL61Ys35N6srg,https://api.spotify.com/v1/audio-analysis/4KC2Z9dL4jL61Ys35N6srg,234522,4
Someday,Is This It,The Strokes,30-07-01,56NkIxSZZiMpFP5ZNSxtnT,0.542,0.531,9,-7.481,1,0.0301,0.0033,1.51E-06,0.338,0.671,105.97,audio_features,56NkIxSZZiMpFP5ZNSxtnT,spotify:track:56NkIxSZZiMpFP5ZNSxtnT,https://api.spotify.com/v1/tracks/56NkIxSZZiMpFP5ZNSxtnT,https://api.spotify.com/v1/audio-analysis/56NkIxSZZiMpFP5ZNSxtnT,183391,4
"Alone, Together",Is This It,The Strokes,30-07-01,4pXyK9GW7fuT645U0DLYYF,0.511,0.855,7,-5.752,1,0.0307,0.00782,0.89,0.0694,0.962,142.985,audio_features,4pXyK9GW7fuT645U0DLYYF,spotify:track:4pXyK9GW7fuT645U0DLYYF,https://api.spotify.com/v1/tracks/4pXyK9GW7fuT645U0DLYYF,https://api.spotify.com/v1/audio-analysis/4pXyK9GW7fuT645U0DLYYF,188314,4
Last Nite,Is This It,The Strokes,30-07-01,7kzKAuUzOITUauHAhoMoxA,0.624,0.91,0,-5.703,1,0.0297,0.0285,0.000198,0.0789,0.767,104.042,audio_features,7kzKAuUzOITUauHAhoMoxA,spotify:track:7kzKAuUzOITUauHAhoMoxA,https://api.spotify.com/v1/tracks/7kzKAuUzOITUauHAhoMoxA,https://api.spotify.com/v1/audio-analysis/7kzKAuUzOITUauHAhoMoxA,193051,4
Hard To Explain,Is This It,The Strokes,30-07-01,2LMloFiV7DHpBhITOaBSam,0.406,0.682,7,-6.281,1,0.0584,0.000413,0.849,0.0999,0.623,82.495,audio_features,2LMloFiV7DHpBhITOaBSam,spotify:track:2LMloFiV7DHpBhITOaBSam,https://api.spotify.com/v1/tracks/2LMloFiV7DHpBhITOaBSam,https://api.spotify.com/v1/audio-analysis/2LMloFiV7DHpBhITOaBSam,223980,4
New York City Cops,Is This It,The Strokes,30-07-01,7xuu4ByQkm8qhnwJQk994r,0.522,0.853,0,-7.66,1,0.0362,0.071,2.82E-05,0.343,0.455,107.943,audio_features,7xuu4ByQkm8qhnwJQk994r,spotify:track:7xuu4ByQkm8qhnwJQk994r,https://api.spotify.com/v1/tracks/7xuu4ByQkm8qhnwJQk994r,https://api.spotify.com/v1/audio-analysis/7xuu4ByQkm8qhnwJQk994r,210559,4
Trying Your Luck,Is This It,The Strokes,30-07-01,37cb7mzkQKksGm0noGDXeh,0.502,0.691,9,-9.453,0,0.0311,0.00911,0.0149,0.133,0.629,143.926,audio_features,37cb7mzkQKksGm0noGDXeh,spotify:track:37cb7mzkQKksGm0noGDXeh,https://api.spotify.com/v1/tracks/37cb7mzkQKksGm0noGDXeh,https://api.spotify.com/v1/audio-analysis/37cb7mzkQKksGm0noGDXeh,202617,4
Take It Or Leave It,Is This It,The Strokes,30-07-01,0J2OnBNKwt0KICDyDFPUvl,0.429,0.924,2,-6.131,0,0.0406,0.000542,0.353,0.104,0.484,154.104,audio_features,0J2OnBNKwt0KICDyDFPUvl,spotify:track:0J2OnBNKwt0KICDyDFPUvl,https://api.spotify.com/v1/tracks/0J2OnBNKwt0KICDyDFPUvl,https://api.spotify.com/v1/audio-analysis/0J2OnBNKwt0KICDyDFPUvl,195233,4
Drag Queen,Future Present Past,The Strokes,03-06-16,6k9mEHQUBi2IgFWkutnXaN,0.544,0.524,2,-4.764,0,0.0436,0.0787,0.368,0.103,0.53,124.121,audio_features,6k9mEHQUBi2IgFWkutnXaN,spotify:track:6k9mEHQUBi2IgFWkutnXaN,https://api.spotify.com/v1/tracks/6k9mEHQUBi2IgFWkutnXaN,https://api.spotify.com/v1/audio-analysis/6k9mEHQUBi2IgFWkutnXaN,273554,4
Oblivius,Future Present Past,The Strokes,03-06-16,6y4ySPeb68KGoAi1dk130F,0.468,0.888,8,-4.463,1,0.0517,0.0957,0.648,0.151,0.432,102.959,audio_features,6y4ySPeb68KGoAi1dk130F,spotify:track:6y4ySPeb68KGoAi1dk130F,https://api.spotify.com/v1/tracks/6y4ySPeb68KGoAi1dk130F,https://api.spotify.com/v1/audio-analysis/6y4ySPeb68KGoAi1dk130F,299233,4
Threat of Joy,Future Present Past,The Strokes,03-06-16,37ZgsOy8t4vMnGtMExr6ah,0.59,0.704,0,-7.058,1,0.0284,0.223,0.0825,0.103,0.691,137.968,audio_features,37ZgsOy8t4vMnGtMExr6ah,spotify:track:37ZgsOy8t4vMnGtMExr6ah,https://api.spotify.com/v1/tracks/37ZgsOy8t4vMnGtMExr6ah,https://api.spotify.com/v1/audio-analysis/37ZgsOy8t4vMnGtMExr6ah,264725,4
Oblivius - Moretti Remix,Future Present Past,The Strokes,03-06-16,6Wmcsm4Cb30QDRt9F7Hs40,0.33,0.821,5,-7.901,0,0.066,0.000317,0.826,0.318,0.188,196.039,audio_features,6Wmcsm4Cb30QDRt9F7Hs40,spotify:track:6Wmcsm4Cb30QDRt9F7Hs40,https://api.spotify.com/v1/tracks/6Wmcsm4Cb30QDRt9F7Hs40,https://api.spotify.com/v1/audio-analysis/6Wmcsm4Cb30QDRt9F7Hs40,332016,4
Fast Animals,Fast Animals,The Strokes,26-03-13,4zVBpwpegumZ9inLiyBar1,0.651,0.733,9,-6.197,1,0.0395,0.00172,0.0408,0.0533,0.52,141.996,audio_features,4zVBpwpegumZ9inLiyBar1,spotify:track:4zVBpwpegumZ9inLiyBar1,https://api.spotify.com/v1/tracks/4zVBpwpegumZ9inLiyBar1,https://api.spotify.com/v1/audio-analysis/4zVBpwpegumZ9inLiyBar1,224867,4
You Only Live Once,You Only Live Once/Mercy Mercy Me,The Strokes,26-09-06,3iPOiAC5Yosd0A5La9WUkA,0.626,0.908,11,-2.789,1,0.0336,0.0278,0.553,0.124,0.969,120.518,audio_features,3iPOiAC5Yosd0A5La9WUkA,spotify:track:3iPOiAC5Yosd0A5La9WUkA,https://api.spotify.com/v1/tracks/3iPOiAC5Yosd0A5La9WUkA,https://api.spotify.com/v1/audio-analysis/3iPOiAC5Yosd0A5La9WUkA,187347,4
Mercy Mercy Me (The Ecology),You Only Live Once/Mercy Mercy Me,The Strokes,26-09-06,49jMdoagrgo0PUc6DkVaZV,0.449,0.875,10,-5.347,0,0.062,6.90E-06,0.145,0.0664,0.804,91.956,audio_features,49jMdoagrgo0PUc6DkVaZV,spotify:track:49jMdoagrgo0PUc6DkVaZV,https://api.spotify.com/v1/tracks/49jMdoagrgo0PUc6DkVaZV,https://api.spotify.com/v1/audio-analysis/49jMdoagrgo0PUc6DkVaZV,157920,4
Modern Girls & Old Fashion Men,Modern Girls & Old Fashion Men,The Strokes,23-02-04,4yVixayMpxm2MUGOePA192,0.506,0.604,9,-4.179,1,0.0283,0.0138,0.427,0.0435,0.347,110.921,audio_features,4yVixayMpxm2MUGOePA192,spotify:track:4yVixayMpxm2MUGOePA192,https://api.spotify.com/v1/tracks/4yVixayMpxm2MUGOePA192,https://api.spotify.com/v1/audio-analysis/4yVixayMpxm2MUGOePA192,221627,4
12:51,12:51,The Strokes,04-11-03,0vTFksSrMYRv22T9bo3Ra0,0.455,0.861,4,-3.845,1,0.0381,0.308,0.832,0.476,0.516,145.059,audio_features,0vTFksSrMYRv22T9bo3Ra0,spotify:track:0vTFksSrMYRv22T9bo3Ra0,https://api.spotify.com/v1/tracks/0vTFksSrMYRv22T9bo3Ra0,https://api.spotify.com/v1/audio-analysis/0vTFksSrMYRv22T9bo3Ra0,146293,4
The Way It Is - Home Demo,12:51,The Strokes,04-11-03,7hnDARLwCl6TgRigirszvT,0.66,0.995,11,-6.048,1,0.117,0.105,0.719,0.0871,0.181,134.038,audio_features,7hnDARLwCl6TgRigirszvT,spotify:track:7hnDARLwCl6TgRigirszvT,https://api.spotify.com/v1/tracks/7hnDARLwCl6TgRigirszvT,https://api.spotify.com/v1/audio-analysis/7hnDARLwCl6TgRigirszvT,78040,4
Soma - Live In Iceland,Soma (Live In Iceland),The Strokes,23-09-02,0N0Sx53YwyABtWSCeTdQAS,0.274,0.812,0,-7.397,1,0.0455,8.34E-05,0.203,0.973,0.3,139.526,audio_features,0N0Sx53YwyABtWSCeTdQAS,spotify:track:0N0Sx53YwyABtWSCeTdQAS,https://api.spotify.com/v1/tracks/0N0Sx53YwyABtWSCeTdQAS,https://api.spotify.com/v1/audio-analysis/0N0Sx53YwyABtWSCeTdQAS,175333,4
Is This It - Home Recording,Is This It (Home Recording),The Strokes,23-09-02,1eRgKMvLN8Dfoec8G2slAG,0.409,0.378,4,-7.256,1,0.0604,0.166,0,0.195,0.889,209.033,audio_features,1eRgKMvLN8Dfoec8G2slAG,spotify:track:1eRgKMvLN8Dfoec8G2slAG,https://api.spotify.com/v1/tracks/1eRgKMvLN8Dfoec8G2slAG,https://api.spotify.com/v1/audio-analysis/1eRgKMvLN8Dfoec8G2slAG,72533,4
"Alone, Together - Home Recording","Alone, Together (Home Recording)",The Strokes,23-09-02,7qDiRYJqParOH6E7FFfmnx,0.503,0.63,9,-7.512,0,0.0267,0.0433,0.154,0.37,0.629,143.367,audio_features,7qDiRYJqParOH6E7FFfmnx,spotify:track:7qDiRYJqParOH6E7FFfmnx,https://api.spotify.com/v1/tracks/7qDiRYJqParOH6E7FFfmnx,https://api.spotify.com/v1/audio-analysis/7qDiRYJqParOH6E7FFfmnx,196827,4
Hard To Explain,Hard To Explain/New York City Cops,The Strokes,30-04-02,6ljsIKKZfyEuQqMXincQZQ,0.406,0.666,7,-6.297,1,0.057,0.000426,0.76,0.057,0.645,82.489,audio_features,6ljsIKKZfyEuQqMXincQZQ,spotify:track:6ljsIKKZfyEuQqMXincQZQ,https://api.spotify.com/v1/tracks/6ljsIKKZfyEuQqMXincQZQ,https://api.spotify.com/v1/audio-analysis/6ljsIKKZfyEuQqMXincQZQ,225840,4
New York City Cops,Hard To Explain/New York City Cops,The Strokes,30-04-02,5g4cz7u4MrUTKDdo1TmABo,0.523,0.855,0,-7.679,1,0.0371,0.0749,3.34E-05,0.327,0.486,107.967,audio_features,5g4cz7u4MrUTKDdo1TmABo,spotify:track:5g4cz7u4MrUTKDdo1TmABo,https://api.spotify.com/v1/tracks/5g4cz7u4MrUTKDdo1TmABo,https://api.spotify.com/v1/audio-analysis/5g4cz7u4MrUTKDdo1TmABo,211360,4
Take It Or Leave It - Live in LA; Village Sessions,Hard To Explain/New York City Cops,The Strokes,30-04-02,0MC6jbnF3H3wyp15NXeuRI,0.205,0.928,2,-6.172,0,0.171,0.135,0.039,0.375,0.527,160.242,audio_features,0MC6jbnF3H3wyp15NXeuRI,spotify:track:0MC6jbnF3H3wyp15NXeuRI,https://api.spotify.com/v1/tracks/0MC6jbnF3H3wyp15NXeuRI,https://api.spotify.com/v1/audio-analysis/0MC6jbnF3H3wyp15NXeuRI,195520,4
Trying Your Luck - Live in LA; Village Sessions,Hard To Explain/New York City Cops,The Strokes,30-04-02,7dAVPLjWN6f0mqNYVXCH0L,0.286,0.923,9,-5.268,0,0.0757,0.0104,0.0273,0.224,0.55,140.126,audio_features,7dAVPLjWN6f0mqNYVXCH0L,spotify:track:7dAVPLjWN6f0mqNYVXCH0L,https://api.spotify.com/v1/tracks/7dAVPLjWN6f0mqNYVXCH0L,https://api.spotify.com/v1/audio-analysis/7dAVPLjWN6f0mqNYVXCH0L,205760,4
New York City Cops - Live In Iceland,New York City Cops (Live In Iceland),The Strokes,27-08-01,3TncnxLqScys0f0XGhTHi9,0.173,0.91,7,-5.536,1,0.0559,0.000123,0.0202,0.932,0.286,199.44,audio_features,3TncnxLqScys0f0XGhTHi9,spotify:track:3TncnxLqScys0f0XGhTHi9,https://api.spotify.com/v1/tracks/3TncnxLqScys0f0XGhTHi9,https://api.spotify.com/v1/audio-analysis/3TncnxLqScys0f0XGhTHi9,238000,4
