Track ID,Album ID,Album,Release Date,Track,acousticness,danceability,energy,instrumentalness,liveness,speechiness,valence,tempo,loudness,duration_ms,popularity
7xuu4ByQkm8qhnwJQk994r,2yNaksHgeMQM9Quse463b5,Is This It,2001-07-30,New York City Cops,0.071,0.522,0.853,2.82e-05,0.343,0.0362,0.455,107.943,-7.66,210559,0.48
2pAD0PKMUMtxlMvz33tYzB,2yNaksHgeMQM9Quse463b5,Is This It,2001-07-30,Is This It,0.149,0.664,0.679,4.84e-05,0.347,0.03,0.804,96.002,-8.293,150651,0.58
1EsgUWQsxGBwnu3NATDjiU,2yNaksHgeMQM9Quse463b5,Is This It,2001-07-30,The Modern Age,0.0124,0.53,0.89,0.759,0.143,0.0328,0.868,145.958,-6.042,207679,0.54
7G8hUONVhvJnkD3Ak8mNF1,2yNaksHgeMQM9Quse463b5,Is This It,2001-07-30,Soma,0.0774,0.501,0.715,0.00603,0.0653,0.0301,0.502,148.971,-7.382,153809,0.52
4KC2Z9dL4jL61Ys35N6srg,2yNaksHgeMQM9Quse463b5,Is This It,2001-07-30,Barely Legal,0.004,0.427,0.886,0.0532,0.0909,0.037,0.857,157.609,-6.304,234522,0.52
56NkIxSZZiMpFP5ZNSxtnT,2yNaksHgeMQM9Quse463b5,Is This It,2001-07-30,Someday,0.0033,0.542,0.531,1.51e-06,0.338,0.0301,0.671,105.97,-7.481,183391,0.74
4pXyK9GW7fuT645U0DLYYF,2yNaksHgeMQM9Quse463b5,Is This It,2001-07-30,"Alone, Together",0.00782,0.511,0.855,0.89,0.0694,0.0307,0.962,142.985,-5.752,188314,0.5
7kzKAuUzOITUauHAhoMoxA,2yNaksHgeMQM9Quse463b5,Is This It,2001-07-30,Last Nite,0.0285,0.624,0.91,0.000198,0.0789,0.0297,0.767,104.042,-5.703,193051,0.74
2LMloFiV7DHpBhITOaBSam,2yNaksHgeMQM9Quse463b5,Is This It,2001-07-30,Hard To Explain,0.000413,0.406,0.682,0.849,0.0999,0.0584,0.623,82.495,-6.281,223980,0.6
37cb7mzkQKksGm0noGDXeh,2yNaksHgeMQM9Quse463b5,Is This It,2001-07-30,Trying Your Luck,0.00911,0.502,0.691,0.0149,0.133,0.0311,0.629,143.926,-9.453,202617,0.5
0J2OnBNKwt0KICDyDFPUvl,2yNaksHgeMQM9Quse463b5,Is This It,2001-07-30,Take It Or Leave It,0.000542,0.429,0.924,0.353,0.104,0.0406,0.484,154.104,-6.131,195233,0.49
6r9OlIcJLJ9eIBqwtb9fIY,5Bhlgao0qxOHiwnsgL8nZd,Spider Man - Music From And Inspired By,2002-07-12,Hero (feat. Josey Scott) - Motion Picture Version,0.00155,0.43,0.829,0.0,0.0666,0.0382,0.337,147.337,-4.326,199027,0.0
4ivrh8zNXi5PtKxi71KqQZ,5Bhlgao0qxOHiwnsgL8nZd,Spider Man - Music From And Inspired By,2002-07-12,What We're All About - The Original Version,0.0242,0.781,0.899,0.0,0.655,0.134,0.884,107.25,-5.01,214107,0.0
0GUrSkZVL1CwUTezcoQCCT,5Bhlgao0qxOHiwnsgL8nZd,Spider Man - Music From And Inspired By,2002-07-12,Learn To Crawl,7.8e-05,0.331,0.921,1.44e-06,0.116,0.0619,0.257,168.017,-5.011,215467,0.23
01xKmOJwrHllgSUv4dkZzY,5Bhlgao0qxOHiwnsgL8nZd,Spider Man - Music From And Inspired By,2002-07-12,Somebody Else,0.000106,0.415,0.651,2.13e-05,0.114,0.0331,0.358,135.036,-5.746,217267,0.2
1LS2KsiN7cHzyMci2B7PAb,5Bhlgao0qxOHiwnsgL8nZd,Spider Man - Music From And Inspired By,2002-07-12,Theme from Spider Man,0.677,0.394,0.619,0.00638,0.57,0.0535,0.949,105.489,-9.846,60293,0.0
0dIsPRHkOB9EumgvFGb1Ih,5Bhlgao0qxOHiwnsgL8nZd,Spider Man - Music From And Inspired By,2002-07-12,Blind,0.00314,0.198,0.888,0.00715,0.117,0.0612,0.695,180.351,-4.834,190467,0.0
6DI4rmGzTvC19mc11pTXMz,5Bhlgao0qxOHiwnsgL8nZd,Spider Man - Music From And Inspired By,2002-07-12,Theme from Spider Man,0.0184,0.468,0.956,2.75e-05,0.457,0.0928,0.352,114.96,-4.625,176733,0.32
3Z85a7iNkxeR1BLqZR2h6d,5Bhlgao0qxOHiwnsgL8nZd,Spider Man - Music From And Inspired By,2002-07-12,Farewell,0.927,0.14,0.0512,0.87,0.0995,0.0362,0.0397,101.394,-19.088,282627,0.19
1tkrGUYUzLqTC4I6StSosa,5Bhlgao0qxOHiwnsgL8nZd,Spider Man - Music From And Inspired By,2002-07-12,Bug Bytes,0.000707,0.5,0.943,0.0,0.283,0.124,0.389,110.091,-4.046,210867,0.0
6bXFAa6X8V5Jl0i6YNA4uS,5Bhlgao0qxOHiwnsgL8nZd,Spider Man - Music From And Inspired By,2002-07-12,She Was My Girl,0.00037,0.442,0.861,0.0153,0.0566,0.0711,0.531,128.68,-4.683,257200,0.0
2Bmnz6Fe0z98jXGYhFRV5f,5Bhlgao0qxOHiwnsgL8nZd,Spider Man - Music From And Inspired By,2002-07-12,I-IV-V,0.00016,0.285,0.952,0.0,0.355,0.138,0.275,89.401,-5.096,182373,0.0
6VMtKQx8sFBKoYjGoKSMYX,5Bhlgao0qxOHiwnsgL8nZd,Spider Man - Music From And Inspired By,2002-07-12,My Nutmeg Phantasy (featuring Angie Stone & Mos Def) - Morello Mix,0.0547,0.665,0.824,0.0,0.106,0.0403,0.581,94.152,-5.901,267573,0.2
7EEws8y8aHkhv6WwpDjjTB,5Bhlgao0qxOHiwnsgL8nZd,Spider Man - Music From And Inspired By,2002-07-12,Main Titles,0.739,0.225,0.607,0.949,0.0737,0.05,0.165,124.739,-10.579,221600,0.22
1Bo2SS9SDG4xDDeo0EpTLe,5Bhlgao0qxOHiwnsgL8nZd,Spider Man - Music From And Inspired By,2002-07-12,Invisible Man,3.39e-05,0.441,0.914,2.1e-05,0.206,0.0769,0.573,142.055,-5.361,159573,0.0
1dyd3Z3dGYLUv2GHxsjI1N,5Bhlgao0qxOHiwnsgL8nZd,Spider Man - Music From And Inspired By,2002-07-12,Hate To Say I Told You So,0.00102,0.459,0.918,0.00664,0.427,0.0544,0.472,135.858,-5.896,200467,0.0
0QwnYosRqVHI9rK3d04qR5,5Bhlgao0qxOHiwnsgL8nZd,Spider Man - Music From And Inspired By,2002-07-12,When It Started,0.257,0.708,0.64,0.00576,0.134,0.0339,0.921,132.016,-8.381,174533,0.31
6YUDdDOrRTmkz3icyKracv,5Bhlgao0qxOHiwnsgL8nZd,Spider Man - Music From And Inspired By,2002-07-12,Shelter,5.15e-05,0.444,0.863,1.25e-05,0.104,0.0622,0.229,114.788,-6.664,211467,0.0
37PMTqA8p2lwKMFkk7I0Z9,5Bhlgao0qxOHiwnsgL8nZd,Spider Man - Music From And Inspired By,2002-07-12,Bother,0.367,0.265,0.239,2.39e-05,0.134,0.0297,0.145,180.481,-9.439,239160,0.0
00NAyisb3x2794oNbXJWKj,5Bhlgao0qxOHiwnsgL8nZd,Spider Man - Music From And Inspired By,2002-07-12,Undercover,0.000834,0.409,0.828,1.48e-05,0.36,0.0482,0.28,126.008,-5.703,236893,0.18
57Xjny5yNzAcsxnusKmAfA,3HFbH1loOUbqCyPsLuHLLh,Room On Fire,2003-10-28,Reptilia,0.000603,0.489,0.649,0.713,0.101,0.0336,0.77,158.009,-5.11,219827,0.77
7eX5SypK35V8Y9d9pS6rWy,3HFbH1loOUbqCyPsLuHLLh,Room On Fire,2003-10-28,I Can't Win,0.00581,0.472,0.746,0.663,0.0999,0.0321,0.403,97.44,-4.816,162040,0.52
0dy6iXYIF0piirySAzCBwF,3HFbH1loOUbqCyPsLuHLLh,Room On Fire,2003-10-28,The End Has No End,0.000833,0.531,0.66,0.855,0.226,0.0335,0.533,136.027,-3.725,185560,0.51
5MZBOcqI3Vpvp2PZy6ddyD,3HFbH1loOUbqCyPsLuHLLh,Room On Fire,2003-10-28,The Way It Is,0.000214,0.482,0.95,0.883,0.0938,0.0495,0.856,137.074,-2.593,141733,0.46
3kKb3U3a8jmUJQB9ypE1Jl,3HFbH1loOUbqCyPsLuHLLh,Room On Fire,2003-10-28,Under Control,0.354,0.406,0.72,0.795,0.0541,0.0291,0.641,91.336,-4.647,187307,0.54
08l9WKDuRyGeStQ9ojTlFh,3HFbH1loOUbqCyPsLuHLLh,Room On Fire,2003-10-28,Meet Me in the Bathroom,6.7e-05,0.427,0.941,0.89,0.0772,0.0336,0.587,139.956,-3.973,176160,0.5
5OmumaYiHYXUsYZPGLFTYJ,3HFbH1loOUbqCyPsLuHLLh,Room On Fire,2003-10-28,Between Love & Hate,6.34e-05,0.455,0.603,0.53,0.0966,0.0255,0.539,104.179,-4.919,196573,0.49
6lnnaGN20kl0jEYJSxCgU9,3HFbH1loOUbqCyPsLuHLLh,Room On Fire,2003-10-28,You Talk Way Too Much,0.0594,0.304,0.971,0.955,0.0799,0.0351,0.695,127.856,-3.226,186267,0.5
6DUKQUhWqUySYngLXLNwP2,3HFbH1loOUbqCyPsLuHLLh,Room On Fire,2003-10-28,Automatic Stop,0.00329,0.675,0.535,0.719,0.104,0.0376,0.914,105.921,-6.109,207133,0.58
78Gzxi27GuNHTfkn2BylG4,3HFbH1loOUbqCyPsLuHLLh,Room On Fire,2003-10-28,What Ever Happened?,8.02e-05,0.547,0.596,0.739,0.273,0.0339,0.584,116.17,-6.044,169507,0.59
6Yu1OL8I0D4vjOzYdsXYGK,3HFbH1loOUbqCyPsLuHLLh,Room On Fire,2003-10-28,12:51,0.312,0.451,0.889,0.8,0.558,0.0379,0.592,145.056,-3.838,153133,0.62
0HaELdKUUyrNiDzuADLEoa,1HQ61my1h3VWp2EBWKlp0n,First Impressions Of Earth,2006-01-03,Killing Lies,0.00155,0.504,0.806,0.799,0.158,0.0388,0.921,120.205,-4.955,228733,0.4
6KXuDNOwiNR0q7KLGXs3Bo,1HQ61my1h3VWp2EBWKlp0n,First Impressions Of Earth,2006-01-03,Red Light,0.000167,0.534,0.837,0.649,0.189,0.0407,0.903,103.533,-3.938,191693,0.49
7HxmrxySFNFu5ppnTDdNPv,1HQ61my1h3VWp2EBWKlp0n,First Impressions Of Earth,2006-01-03,Evening Sun,0.32,0.631,0.755,0.00481,0.296,0.0311,0.531,124.958,-4.534,186000,0.43
1TbK5nWKIxZYIRVurMvkuR,1HQ61my1h3VWp2EBWKlp0n,First Impressions Of Earth,2006-01-03,Ize of the World,9.07e-06,0.397,0.894,0.642,0.0847,0.0464,0.277,134.993,-3.099,265773,0.47
0Sqi2XLLVk5JGfZnFnidM2,1HQ61my1h3VWp2EBWKlp0n,First Impressions Of Earth,2006-01-03,15 Minutes,0.00385,0.341,0.881,0.0383,0.141,0.0411,0.394,82.957,-3.558,273133,0.39
2i9wsNkqOVqffpfNbc8s2n,1HQ61my1h3VWp2EBWKlp0n,First Impressions Of Earth,2006-01-03,Fear of Sleep,0.000282,0.436,0.923,0.823,0.356,0.0591,0.272,127.731,-4.444,240467,0.4
0bZdpukYLaMgtR4LCUhTDp,1HQ61my1h3VWp2EBWKlp0n,First Impressions Of Earth,2006-01-03,Electricityscape,0.0022,0.382,0.882,0.144,0.0776,0.0429,0.57,140.034,-4.166,213200,0.44
6THqWFqcUAAB7At66622Wr,1HQ61my1h3VWp2EBWKlp0n,First Impressions Of Earth,2006-01-03,Ask Me Anything,0.55,0.376,0.31,0.841,0.147,0.0332,0.461,131.566,-9.79,189973,0.42
0Tvl6Dhee6vjz65sS3KKkK,1HQ61my1h3VWp2EBWKlp0n,First Impressions Of Earth,2006-01-03,Vision of Division,2.33e-05,0.428,0.811,0.434,0.359,0.0382,0.138,141.95,-3.681,259027,0.44
6oqJLFTbJ6PkgPfU0Mtjix,1HQ61my1h3VWp2EBWKlp0n,First Impressions Of Earth,2006-01-03,On the Other Side,0.00367,0.605,0.811,0.000116,0.135,0.0316,0.548,108.992,-2.341,276507,0.48
4fPBB44eDH71YohayI4eKV,1HQ61my1h3VWp2EBWKlp0n,First Impressions Of Earth,2006-01-03,You Only Live Once,0.0238,0.63,0.908,0.592,0.116,0.0326,0.968,120.522,-2.42,189227,0.7
3jjQHULAVn71k40mKwGMiV,1HQ61my1h3VWp2EBWKlp0n,First Impressions Of Earth,2006-01-03,Juicebox,0.00166,0.462,0.981,0.00894,0.0856,0.127,0.547,154.995,-2.371,194573,0.55
3mYCd23hPxJW5okSvMoy3x,1HQ61my1h3VWp2EBWKlp0n,First Impressions Of Earth,2006-01-03,Heart In a Cage,2.73e-06,0.418,0.857,0.805,0.368,0.0404,0.12,140.02,-5.133,206173,0.59
4UF1eupXP9Zz5GpYepyOxI,1HQ61my1h3VWp2EBWKlp0n,First Impressions Of Earth,2006-01-03,Razorblade,0.00201,0.394,0.859,0.233,0.1,0.0409,0.511,136.075,-3.851,208133,0.53
6mVD1SfTvlFAPVi7txFL5H,6Jx4cGhWHewTcfKDJKguBQ,Angles,2011-03-21,Machu Picchu,0.0132,0.695,0.817,0.097,0.0601,0.0659,0.874,105.014,-5.294,209627,0.6
08Bkl20GdNhlh7UdUcee2r,6Jx4cGhWHewTcfKDJKguBQ,Angles,2011-03-21,Metabolism,4.16e-05,0.422,0.85,0.00371,0.164,0.0395,0.34,162.004,-5.134,180680,0.4
69YCkfZS0aOjEUPwQ4zCZ9,6Jx4cGhWHewTcfKDJKguBQ,Angles,2011-03-21,Gratisfaction,0.0456,0.644,0.788,0.34,0.237,0.0558,0.708,135.437,-5.039,179200,0.47
6z5mh42xSM54RncKZMM8hS,6Jx4cGhWHewTcfKDJKguBQ,Angles,2011-03-21,Call Me Back,0.863,0.736,0.297,1.49e-05,0.0609,0.035,0.185,125.78,-9.648,182027,0.48
5pFSbiW5XewiQONONBQbqF,6Jx4cGhWHewTcfKDJKguBQ,Angles,2011-03-21,Games,0.00327,0.644,0.708,0.184,0.19,0.029,0.452,127.05,-6.742,231533,0.42
6SdAztAqklk1zAmUHhU4N7,6Jx4cGhWHewTcfKDJKguBQ,Angles,2011-03-21,Taken for a Fool,0.00595,0.569,0.89,0.0112,0.226,0.0559,0.885,137.044,-4.447,203240,0.53
22iKX3jvZwZNW7RlrwQ822,6Jx4cGhWHewTcfKDJKguBQ,Angles,2011-03-21,You're So Right,0.000141,0.441,0.863,0.72,0.0775,0.0363,0.328,168.089,-6.787,153760,0.4
10rOqbOBlAJybglgmqaMZL,6Jx4cGhWHewTcfKDJKguBQ,Angles,2011-03-21,Two Kinds of Happiness,0.00153,0.534,0.778,0.025,0.176,0.0453,0.758,137.68,-5.252,222080,0.43
6u0x5ad9ewHvs3z6u9Oe3c,6Jx4cGhWHewTcfKDJKguBQ,Angles,2011-03-21,Under Cover of Darkness,0.00433,0.35,0.775,0.283,0.0676,0.054,0.588,199.866,-3.364,235547,0.63
4ileLT7ldd2uX8bMemWqbm,6Jx4cGhWHewTcfKDJKguBQ,Angles,2011-03-21,Life Is Simple in the Moonlight,0.0126,0.515,0.696,0.000345,0.0916,0.0313,0.513,134.893,-5.857,255240,0.53
34I0zrOKWbHCdi7hKUMoEd,5CFonSO5h0obDN2LLYHqXw,"Live from Nowhere Near You, Vol. II",2011-09-23,Is That All,0.0202,0.56,0.412,0.546,0.205,0.0305,0.303,152.158,-10.536,149640,0.01
7DFNsZYear52v9zE5FZueP,5CFonSO5h0obDN2LLYHqXw,"Live from Nowhere Near You, Vol. II",2011-09-23,Caring is Creepy - Solo Acoustic Version,0.777,0.503,0.437,5.9e-05,0.169,0.0394,0.329,97.049,-6.658,206720,0.09
7AZglSkFLaGMsZZWVG1DmN,5CFonSO5h0obDN2LLYHqXw,"Live from Nowhere Near You, Vol. II",2011-09-23,Winging It,0.987,0.504,0.306,0.93,0.085,0.0353,0.442,129.757,-10.564,177360,0.01
5SdFjuaTaDSOSA1W7r3X3j,5CFonSO5h0obDN2LLYHqXw,"Live from Nowhere Near You, Vol. II",2011-09-23,This City,0.0218,0.672,0.634,9.44e-05,0.286,0.0349,0.391,120.101,-6.195,199947,0.01
5JTs2HuPoeSY1ALyvdYyLZ,5CFonSO5h0obDN2LLYHqXw,"Live from Nowhere Near You, Vol. II",2011-09-23,Ritual - Acoutsic,0.86,0.519,0.2,0.0,0.116,0.0332,0.0782,119.651,-14.24,238507,0.01
0AicPIjcjtbopmOpJ0XpRz,5CFonSO5h0obDN2LLYHqXw,"Live from Nowhere Near You, Vol. II",2011-09-23,Hey You Dreamer - Colors of Sound,0.956,0.341,0.421,0.91,0.235,0.0291,0.666,106.328,-13.292,100893,0.01
4Niwy3ozJNJjF4EByiF4uD,5CFonSO5h0obDN2LLYHqXw,"Live from Nowhere Near You, Vol. II",2011-09-23,Silver Wind,0.293,0.6,0.932,0.921,0.0924,0.0473,0.678,130.324,-4.29,147333,0.01
0ljvEjQNlT5lbs2R3J4hrV,5CFonSO5h0obDN2LLYHqXw,"Live from Nowhere Near You, Vol. II",2011-09-23,Ill Street Blues,0.313,0.694,0.304,0.0279,0.855,0.134,0.469,90.084,-16.894,104773,0.01
4Udrgu3dwtFarfIMfsKmOd,5CFonSO5h0obDN2LLYHqXw,"Live from Nowhere Near You, Vol. II",2011-09-23,You Are Majestic,0.141,0.74,0.476,0.135,0.101,0.0833,0.336,104.021,-11.245,322787,0.01
0HmJtYb6ytTcDqpYAUOnel,5CFonSO5h0obDN2LLYHqXw,"Live from Nowhere Near You, Vol. II",2011-09-23,The Best Noise,0.105,0.588,0.521,0.0604,0.232,0.0293,0.094,110.026,-6.385,204680,0.02
29Fe0MUe5ppn1nkyot2TOV,5CFonSO5h0obDN2LLYHqXw,"Live from Nowhere Near You, Vol. II",2011-09-23,Heart Disease,0.00012,0.513,0.928,0.000277,0.68,0.0425,0.633,120.052,-6.206,210707,0.02
0u8TtzuqTEQksORkvY2IHz,5CFonSO5h0obDN2LLYHqXw,"Live from Nowhere Near You, Vol. II",2011-09-23,A Saxophone in New York,0.979,0.336,0.0761,0.0301,0.111,0.0783,0.0404,128.896,-13.916,30240,0.01
62o4r0fP7MaBzBqZNzDlPo,5CFonSO5h0obDN2LLYHqXw,"Live from Nowhere Near You, Vol. II",2011-09-23,Ain't That Lovin' You,0.622,0.679,0.869,0.103,0.311,0.0364,0.937,126.227,-3.22,231480,0.01
2zF3pkpRBf8lerAN6AvkoA,5CFonSO5h0obDN2LLYHqXw,"Live from Nowhere Near You, Vol. II",2011-09-23,Bar Tremolinos (o-No-You-Den),0.274,0.664,0.904,0.699,0.255,0.0574,0.804,101.278,-7.12,202693,0.02
65faam2LoAYNfGtpN6aTTB,5CFonSO5h0obDN2LLYHqXw,"Live from Nowhere Near You, Vol. II",2011-09-23,"One Violin, One DJ",0.00109,0.635,0.78,0.861,0.273,0.0574,0.452,97.978,-9.006,82467,0.01
7BCQ4QUzY9F4wChjy1D40p,5CFonSO5h0obDN2LLYHqXw,"Live from Nowhere Near You, Vol. II",2011-09-23,Mercy Mercy Me,8.84e-06,0.336,0.858,0.0563,0.354,0.083,0.759,91.74,-6.983,167880,0.31
6XsU76kele9OhsibdoMwmz,5CFonSO5h0obDN2LLYHqXw,"Live from Nowhere Near You, Vol. II",2011-09-23,Troubadour,0.178,0.65,0.519,0.0935,0.339,0.0296,0.501,91.979,-9.179,290520,0.02
7Bpz0iT6M90aNHkNQvFQkw,5CFonSO5h0obDN2LLYHqXw,"Live from Nowhere Near You, Vol. II",2011-09-23,Save Me from Destruction - Acoustic Demo,0.876,0.433,0.157,0.00953,0.101,0.0491,0.201,164.744,-15.084,211893,0.01
4fBJez1yXj8XVav3DssdMC,5CFonSO5h0obDN2LLYHqXw,"Live from Nowhere Near You, Vol. II",2011-09-23,Gone for Good,0.41,0.539,0.664,0.00253,0.226,0.0279,0.371,112.037,-6.427,180333,0.01
1MIFLttcyvGdLEjB76P5bq,5CFonSO5h0obDN2LLYHqXw,"Live from Nowhere Near You, Vol. II",2011-09-23,Loose Change,0.146,0.748,0.909,0.89,0.0824,0.0491,0.687,108.275,-9.934,56280,0.0
3SNRzZC8Fsy0L9695YIi1i,5CFonSO5h0obDN2LLYHqXw,"Live from Nowhere Near You, Vol. II",2011-09-23,Spend My Money,0.145,0.537,0.609,0.00231,0.201,0.0457,0.964,141.37,-5.56,178760,0.01
4EaClGAfW78QwYcAhepulN,5CFonSO5h0obDN2LLYHqXw,"Live from Nowhere Near You, Vol. II",2011-09-23,Light - Pete International Airport Remix,0.18,0.492,0.935,0.88,0.182,0.0644,0.333,124.948,-7.196,343227,0.01
2qSs0sncLwks0ZhGzNYe6g,5CFonSO5h0obDN2LLYHqXw,"Live from Nowhere Near You, Vol. II",2011-09-23,Grievances,0.733,0.473,0.243,0.00033,0.0433,0.0619,0.529,74.498,-12.429,186893,0.05
56BW9IdMAmVi4rV57TXtzD,5CFonSO5h0obDN2LLYHqXw,"Live from Nowhere Near You, Vol. II",2011-09-23,Holding Me Down,0.000864,0.198,0.719,0.0381,0.106,0.0303,0.144,158.054,-6.8,240547,0.0
7iZTKL6x5rim2eyzQgJKCM,5CFonSO5h0obDN2LLYHqXw,"Live from Nowhere Near You, Vol. II",2011-09-23,Scaffolding,0.753,0.682,0.765,0.136,0.278,0.029,0.508,120.004,-8.712,188880,0.01
3xQThxDYPTnmAL3t43ZURj,5CFonSO5h0obDN2LLYHqXw,"Live from Nowhere Near You, Vol. II",2011-09-23,Southern State,0.517,0.489,0.538,0.0,0.332,0.0617,0.211,115.76,-8.444,286400,0.05
60YCES67ypQKZAVtFDWid7,5CFonSO5h0obDN2LLYHqXw,"Live from Nowhere Near You, Vol. II",2011-09-23,Moves,0.0212,0.671,0.802,0.000986,0.112,0.111,0.581,178.607,-6.532,309080,0.01
6Gxjq33Bx1VnDAyesr382p,5CFonSO5h0obDN2LLYHqXw,"Live from Nowhere Near You, Vol. II",2011-09-23,Running out of Time,0.0401,0.69,0.822,0.00135,0.276,0.25,0.555,90.145,-7.15,246480,0.0
0kmpwQHGfWPBVBzQi72cI1,5CFonSO5h0obDN2LLYHqXw,"Live from Nowhere Near You, Vol. II",2011-09-23,Where Do We Go from Here?,0.244,0.556,0.61,0.0,0.0771,0.0739,0.917,89.36,-6.277,303493,0.01
7mqnOvFGdJbeXfo2mK0aMh,5CFonSO5h0obDN2LLYHqXw,"Live from Nowhere Near You, Vol. II",2011-09-23,An Easy Slide (Rendezvous You Too),0.0533,0.778,0.661,0.907,0.113,0.134,0.747,98.698,-13.508,130013,0.01
4DSqlfjUEfWnlHAXrBL3aF,5CFonSO5h0obDN2LLYHqXw,"Live from Nowhere Near You, Vol. II",2011-09-23,Tonic,0.000114,0.241,0.887,0.00078,0.268,0.035,0.881,204.283,-5.415,312573,0.0
6rtdpL4m4OaSe1kvT8IGSu,5CFonSO5h0obDN2LLYHqXw,"Live from Nowhere Near You, Vol. II",2011-09-23,The Columbia,0.905,0.493,0.266,9.15e-05,0.329,0.0299,0.289,83.511,-14.851,216093,0.01
7rtLIehUPSvn8QeQIl8nXq,5CFonSO5h0obDN2LLYHqXw,"Live from Nowhere Near You, Vol. II",2011-09-23,Whirling Devas,0.0234,0.676,0.617,0.91,0.114,0.0399,0.196,113.23,-8.121,118173,0.02
5uNyVvHcD0go1KH2nixydN,5CFonSO5h0obDN2LLYHqXw,"Live from Nowhere Near You, Vol. II",2011-09-23,Vigilante,0.438,0.589,0.628,0.612,0.125,0.0516,0.574,97.152,-13.311,156333,0.02
0C1uO9B5vSdMuiBa1PiySP,5CFonSO5h0obDN2LLYHqXw,"Live from Nowhere Near You, Vol. II",2011-09-23,Let's Make a Deal,0.236,0.418,0.578,0.901,0.239,0.0439,0.574,151.142,-22.656,29653,0.0
4gK9NzvRF0rWP0sSrycIdP,5CFonSO5h0obDN2LLYHqXw,"Live from Nowhere Near You, Vol. II",2011-09-23,Gonna Be Your Santa,0.0805,0.395,0.95,2.22e-06,0.787,0.0914,0.109,190.104,-6.995,177960,0.0
5xBVx8mlKpsZpo9rp5Qyrc,5CFonSO5h0obDN2LLYHqXw,"Live from Nowhere Near You, Vol. II",2011-09-23,River Styx - Demo,0.0184,0.444,0.874,0.00057,0.208,0.0688,0.235,128.909,-4.921,189120,0.01
4rTpZrcNfdcbUVqEdIGOls,5CFonSO5h0obDN2LLYHqXw,"Live from Nowhere Near You, Vol. II",2011-09-23,Prone,0.0802,0.19,0.954,0.538,0.608,0.0616,0.42,97.32,-4.389,416413,0.0
33yx8WDFogbi9rcbeOaV1P,5CFonSO5h0obDN2LLYHqXw,"Live from Nowhere Near You, Vol. II",2011-09-23,Movies,0.258,0.456,0.63,0.00929,0.235,0.0744,0.492,127.245,-8.049,263413,0.0
6450f8kS9CM3YUzKCuCmVH,5CFonSO5h0obDN2LLYHqXw,"Live from Nowhere Near You, Vol. II",2011-09-23,Nana,0.987,0.228,0.173,0.908,0.0938,0.0435,0.058,88.284,-15.688,162600,0.0
1rr1vKTv1SWBUozmpXAtxW,5CFonSO5h0obDN2LLYHqXw,"Live from Nowhere Near You, Vol. II",2011-09-23,There's No Hurry to Eternity,0.618,0.504,0.411,0.913,0.0875,0.0327,0.216,117.922,-13.083,376213,0.04
0ZPlLPPuIx0CIMRf4mYku8,5CFonSO5h0obDN2LLYHqXw,"Live from Nowhere Near You, Vol. II",2011-09-23,Shame on You,0.0659,0.304,0.518,0.579,0.115,0.0289,0.417,178.032,-5.946,410267,0.05
49V5maxfKygAE0fWtxU0Tb,5CFonSO5h0obDN2LLYHqXw,"Live from Nowhere Near You, Vol. II",2011-09-23,Love Everybody,0.0197,0.418,0.939,0.00017,0.457,0.066,0.898,179.893,-4.271,155667,0.01
6vmD0JKXk5BXRsAxZr5EDM,5CFonSO5h0obDN2LLYHqXw,"Live from Nowhere Near You, Vol. II",2011-09-23,Two Tavern Town,0.639,0.486,0.669,2.39e-06,0.425,0.0369,0.742,120.414,-7.089,186133,0.04
6rPIXkeFq1dsogYN52DSbJ,5CFonSO5h0obDN2LLYHqXw,"Live from Nowhere Near You, Vol. II",2011-09-23,Tonic Interlude,0.978,0.409,0.188,0.000178,0.594,0.0625,0.458,106.71,-15.33,41853,0.0
2sKnTJxYgyjpHdYFDoZnIm,5CFonSO5h0obDN2LLYHqXw,"Live from Nowhere Near You, Vol. II",2011-09-23,The Overgrown Meadow,0.992,0.523,0.0672,0.961,0.102,0.0624,0.539,75.919,-23.296,56960,0.01
3f7XNesGDBqez4UvTByziA,5CFonSO5h0obDN2LLYHqXw,"Live from Nowhere Near You, Vol. II",2011-09-23,Who's Behind the Door?,0.0549,0.296,0.666,0.000115,0.176,0.0388,0.197,130.087,-9.4,287307,0.0
0zq6DmpKckBJ2rpkfovmbv,5CFonSO5h0obDN2LLYHqXw,"Live from Nowhere Near You, Vol. II",2011-09-23,The Real Estate,0.0098,0.499,0.742,0.742,0.122,0.0301,0.462,131.461,-7.268,184093,0.2
6BDJKr3yk40zi1Y75M1vAM,5CFonSO5h0obDN2LLYHqXw,"Live from Nowhere Near You, Vol. II",2011-09-23,Dead End Job at the Dead Letter Office,0.318,0.403,0.95,0.436,0.107,0.0833,0.345,121.622,-6.74,299320,0.08
4IySoWuD2zJw0Iq0vocOrE,5CFonSO5h0obDN2LLYHqXw,"Live from Nowhere Near You, Vol. II",2011-09-23,Frank and Judy,0.875,0.608,0.4,0.276,0.29,0.0495,0.466,149.684,-16.892,171360,0.0
3Y4rUyw7XBCK6hGHCOt6rp,4WnkQO4xD9ljQooB3VIxCV,Comedown Machine,2013-03-25,"Call It Fate, Call It Karma",0.983,0.544,0.241,0.774,0.101,0.03,0.359,109.437,-14.779,204773,0.68
1OXGJ7jRok4c3KBnIYkuwH,4WnkQO4xD9ljQooB3VIxCV,Comedown Machine,2013-03-25,Happy Ending,0.00571,0.626,0.831,0.0188,0.355,0.0369,0.255,113.999,-7.743,172160,0.45
718purgMpFb2Axhuz0Hbq1,4WnkQO4xD9ljQooB3VIxCV,Comedown Machine,2013-03-25,Chances,0.365,0.561,0.569,0.611,0.109,0.0289,0.53,103.705,-9.682,216787,0.53
2ncRH1zCER8iHXYhlHXyam,4WnkQO4xD9ljQooB3VIxCV,Comedown Machine,2013-03-25,Partners In Crime,0.000934,0.538,0.951,0.0545,0.239,0.0606,0.551,106.033,-4.741,201893,0.44
5y1FCAhYarSCNO9I9hS82M,4WnkQO4xD9ljQooB3VIxCV,Comedown Machine,2013-03-25,Slow Animals,0.0658,0.664,0.646,0.28,0.0954,0.0284,0.5,131.993,-7.934,260693,0.45
5MPryR3oJGmWnSYM7X2GGE,4WnkQO4xD9ljQooB3VIxCV,Comedown Machine,2013-03-25,50/50,4.23e-05,0.491,0.93,0.612,0.219,0.0347,0.623,99.924,-6.412,163227,0.45
2lffRiAET2Xt6BNb4EmkS2,4WnkQO4xD9ljQooB3VIxCV,Comedown Machine,2013-03-25,80's Comedown Machine,0.00583,0.488,0.503,0.809,0.101,0.0326,0.38,144.035,-8.89,298613,0.52
7bfocP7GYoLOutUYpTI8tx,4WnkQO4xD9ljQooB3VIxCV,Comedown Machine,2013-03-25,Welcome To Japan,0.00233,0.705,0.666,0.0149,0.174,0.0303,0.646,124.032,-7.23,230827,0.58
5GKVcvTgnFYtfh25qKQtRg,4WnkQO4xD9ljQooB3VIxCV,Comedown Machine,2013-03-25,One Way Trigger,0.000182,0.516,0.942,0.464,0.116,0.036,0.964,95.996,-4.113,242293,0.54
2ThdB23G9Rgf1ExndFGEEg,4WnkQO4xD9ljQooB3VIxCV,Comedown Machine,2013-03-25,Tap Out,0.0176,0.737,0.745,0.381,0.306,0.0351,0.629,115.989,-5.944,222360,0.51
7uFZNMEZzAGOwQ6EZID1K4,4WnkQO4xD9ljQooB3VIxCV,Comedown Machine,2013-03-25,All The Time,8.44e-05,0.403,0.883,0.65,0.126,0.0745,0.078,141.945,-6.054,181373,0.44
0RkhGCuA9pOerOehoUrazo,4hRgz8S5EEyuVn2vUGwubS,Looking for Alaska (Music from the Original Series),2019-10-18,To Be Alone With You,0.988,0.428,0.0304,0.000435,0.169,0.0362,0.116,140.01,-22.166,173174,0.28
7Af2gX0MJD9F5TJSeJEhXC,4hRgz8S5EEyuVn2vUGwubS,Looking for Alaska (Music from the Original Series),2019-10-18,Crosses,0.906,0.664,0.365,0.0238,0.102,0.0298,0.296,134.622,-10.124,161379,0.0
2rmONvbnUJM490g9902Orx,4hRgz8S5EEyuVn2vUGwubS,Looking for Alaska (Music from the Original Series),2019-10-18,Macarena,0.00881,0.503,0.738,0.106,0.119,0.124,0.785,89.979,-9.86,205079,0.1
5p3UmXrTYD95gJjDLdM82x,4hRgz8S5EEyuVn2vUGwubS,Looking for Alaska (Music from the Original Series),2019-10-18,With Arms Outstretched,0.562,0.39,0.439,0.0,0.216,0.0292,0.186,105.664,-8.691,222192,0.0
59Yc1K5jPgxVxd5EaO07MZ,4hRgz8S5EEyuVn2vUGwubS,Looking for Alaska (Music from the Original Series),2019-10-18,Salvation,0.0126,0.516,0.455,1.53e-05,0.137,0.0353,0.21,120.043,-10.413,232223,0.0
1veREHuQmJeTh4gBHjJzSL,4hRgz8S5EEyuVn2vUGwubS,Looking for Alaska (Music from the Original Series),2019-10-18,The Skin of My Yellow Country Teeth,0.00726,0.458,0.944,0.00013,0.0893,0.0528,0.421,141.61,-8.103,345339,0.12
0P02sJx08rbprBFPgNDJ8R,4hRgz8S5EEyuVn2vUGwubS,Looking for Alaska (Music from the Original Series),2019-10-18,Take Me Out,0.909,0.345,0.14,5.25e-06,0.378,0.0378,0.0715,127.95,-16.647,218871,0.2
5G8ETRlD3j2596xE4UdZ6w,4hRgz8S5EEyuVn2vUGwubS,Looking for Alaska (Music from the Original Series),2019-10-18,An Honest Mistake (feat. Lizzy Land),0.834,0.486,0.202,0.023,0.121,0.0304,0.0402,110.974,-14.81,228299,0.25
7e3SROp6VaekpMnbFKJjqt,4hRgz8S5EEyuVn2vUGwubS,Looking for Alaska (Music from the Original Series),2019-10-18,I Will Follow You Into the Dark,0.91,0.575,0.347,0.000272,0.135,0.0293,0.117,117.0,-8.253,233801,0.0
4OdK3VMaOSQ9dHGRN56dmX,4hRgz8S5EEyuVn2vUGwubS,Looking for Alaska (Music from the Original Series),2019-10-18,So Here We Are,0.00406,0.3,0.82,0.821,0.102,0.0491,0.141,155.582,-5.516,231782,0.0
45E6I2yNGDGkEqx2U2PWvs,4hRgz8S5EEyuVn2vUGwubS,Looking for Alaska (Music from the Original Series),2019-10-18,Orange Sky,0.731,0.41,0.176,4.87e-05,0.14,0.0414,0.0701,125.094,-15.629,298028,0.24
3CixrF3nYZ6V5OwFKSQxuM,4hRgz8S5EEyuVn2vUGwubS,Looking for Alaska (Music from the Original Series),2019-10-18,Ask Me Anything,0.571,0.362,0.276,0.825,0.148,0.0347,0.477,131.525,-11.544,189973,0.16
7tUyMzFhsrVGaW2lhinlSd,4hRgz8S5EEyuVn2vUGwubS,Looking for Alaska (Music from the Original Series),2019-10-18,Looking for Alaska Score Suite,0.939,0.167,0.243,0.963,0.0943,0.0374,0.0373,85.892,-14.836,310544,0.15
2fq0oqjqyZgn9dZkNbLe3l,4hRgz8S5EEyuVn2vUGwubS,Looking for Alaska (Music from the Original Series),2019-10-18,The World At Large,0.0918,0.518,0.465,0.000135,0.101,0.0259,0.242,77.015,-9.617,272507,0.13
1BLOVHYYlH4JUHQGcpt75R,2xkZV2Hl1Omi8rk2D7t5lN,The New Abnormal,2020-04-10,Ode To The Mets,0.341,0.426,0.617,0.181,0.101,0.0289,0.201,92.002,-5.423,351787,0.66
5ncofiedz9Ej6YkvvXMKVn,2xkZV2Hl1Omi8rk2D7t5lN,The New Abnormal,2020-04-10,Not The Same Anymore,0.384,0.353,0.613,0.0123,0.103,0.031,0.282,177.375,-5.9,337333,0.55
1aOxOpH4AkGAd8OMrKjyNY,2xkZV2Hl1Omi8rk2D7t5lN,The New Abnormal,2020-04-10,Why Are Sundays So Depressing,0.00258,0.579,0.714,0.0269,0.111,0.0347,0.299,109.971,-4.455,275667,0.62
7lu6YLrlB1MU7HW8DJSuPa,2xkZV2Hl1Omi8rk2D7t5lN,The New Abnormal,2020-04-10,At The Door,0.858,0.456,0.323,0.00913,0.146,0.0318,0.363,116.903,-6.764,310373,0.56
6IRzBP4gVoV4D2zHmocoWy,2xkZV2Hl1Omi8rk2D7t5lN,The New Abnormal,2020-04-10,Eternal Summer,0.0141,0.617,0.78,0.0112,0.0833,0.0376,0.326,93.951,-4.466,375320,0.56
55N8cxpE1QDoeaaNqUnoZ2,2xkZV2Hl1Omi8rk2D7t5lN,The New Abnormal,2020-04-10,Bad Decisions,0.0135,0.374,0.922,0.204,0.28,0.056,0.393,153.217,-3.4,293360,0.58
2mDYYGaGd9uXKkK2YhDA3i,2xkZV2Hl1Omi8rk2D7t5lN,The New Abnormal,2020-04-10,Brooklyn Bridge To Chorus,0.00602,0.628,0.571,9.21e-05,0.0833,0.0628,0.467,119.899,-3.897,235947,0.59
2t0wwvR15fc3K1ey8OiOaN,2xkZV2Hl1Omi8rk2D7t5lN,The New Abnormal,2020-04-10,Selfless,0.191,0.538,0.679,0.00175,0.0889,0.0333,0.0888,121.99,-4.297,222093,0.67
5ruzrDWcT0vuJIOMW7gMnW,2xkZV2Hl1Omi8rk2D7t5lN,The New Abnormal,2020-04-10,The Adults Are Talking,0.0113,0.593,0.749,0.106,0.314,0.0475,0.649,164.959,-5.67,309053,0.76
4Nv3DAqf83IReHmClSH00V,2j5jqlI0NvqlXAy9C740pZ,The Singles - Volume 01,2023-02-24,"Alone, Together - Home Recording - Someday B-Side",0.0445,0.501,0.643,0.209,0.311,0.0268,0.637,143.324,-7.511,197137,0.33
30RnpgACKEC9LTWEe0ShTl,2j5jqlI0NvqlXAy9C740pZ,The Singles - Volume 01,2023-02-24,Someday,0.00362,0.542,0.53,0.0,0.361,0.0302,0.65,105.981,-7.468,183487,0.35
3mU9Pjls8PszKKmrwhTG78,2j5jqlI0NvqlXAy9C740pZ,The Singles - Volume 01,2023-02-24,When It Started (Last Nite B-Side),0.268,0.721,0.654,0.00392,0.15,0.0329,0.903,131.961,-8.107,175200,0.4
0V40nmTfhHj1PznhO0dDho,2j5jqlI0NvqlXAy9C740pZ,The Singles - Volume 01,2023-02-24,Last Nite - Rough Trade Version - The Modern Age B-Side,0.0438,0.399,0.745,0.0,0.112,0.0329,0.514,207.923,-7.497,198549,0.37
1aO0sdeJmK4XQM5Ft7TkTg,2j5jqlI0NvqlXAy9C740pZ,The Singles - Volume 01,2023-02-24,New York City Cops (Hard to Explain B-Side),0.0633,0.52,0.842,4.49e-05,0.384,0.0352,0.512,107.958,-7.664,209505,0.38
0ILknNMr0j0cCFKv6rcG12,2j5jqlI0NvqlXAy9C740pZ,The Singles - Volume 01,2023-02-24,Hard To Explain,0.00042,0.407,0.686,0.837,0.0764,0.0558,0.662,82.495,-6.266,224411,0.37
6IjI1wt0hzuAf1dZTd6Ju8,2j5jqlI0NvqlXAy9C740pZ,The Singles - Volume 01,2023-02-24,Is This It - Home Recording - Someday B-Side,0.189,0.348,0.388,0.0,0.192,0.0635,0.91,209.063,-7.232,72664,0.35
03ev8WBPzDr9KJDdNhSHz9,2j5jqlI0NvqlXAy9C740pZ,The Singles - Volume 01,2023-02-24,Last Nite,0.0221,0.624,0.899,0.000137,0.0975,0.0296,0.79,104.061,-5.709,193373,0.35
2b4lQrOhcM7Sw49e0qG1nV,2j5jqlI0NvqlXAy9C740pZ,The Singles - Volume 01,2023-02-24,12:51,0.321,0.452,0.863,0.796,0.331,0.0387,0.58,145.008,-3.864,146841,0.34
2NpASZ796KewPmSDMHDhPN,2j5jqlI0NvqlXAy9C740pZ,The Singles - Volume 01,2023-02-24,"Clampdown - The End Has No End B-Side / Live at Alexandra Palace, London, UK - Dec. 5, 2003",0.389,0.267,0.417,0.593,0.468,0.0725,0.492,148.304,-5.744,249481,0.33
1Sl4OsD0F6Iy91YBDQyOzl,2j5jqlI0NvqlXAy9C740pZ,The Singles - Volume 01,2023-02-24,Reptilia,0.000643,0.491,0.645,0.693,0.105,0.0329,0.756,158.035,-5.114,215324,0.34
5hNW46qZA7BcZ2qf6lbhNm,2j5jqlI0NvqlXAy9C740pZ,The Singles - Volume 01,2023-02-24,Modern Girls & Old Fashion Men - Reptilia B-Side,0.0212,0.507,0.602,0.561,0.0541,0.029,0.325,110.897,-4.222,218418,0.46
5aAOtPhYRXlBE5H3mboB8v,2j5jqlI0NvqlXAy9C740pZ,The Singles - Volume 01,2023-02-24,The End Has No End,0.000588,0.527,0.644,0.843,0.32,0.0355,0.573,136.007,-3.727,180048,0.33
2hcDYqyw8L7zJaZ6n8dzIZ,2j5jqlI0NvqlXAy9C740pZ,The Singles - Volume 01,2023-02-24,Juicebox,0.00136,0.453,0.984,0.00584,0.0844,0.125,0.574,155.035,-2.376,194183,0.32
6s9oj6aPupVSA1CSaaVZZL,2j5jqlI0NvqlXAy9C740pZ,The Singles - Volume 01,2023-02-24,Hawaii - Juicebox B-Side,7.17e-05,0.301,0.87,0.601,0.272,0.047,0.175,170.003,-5.942,232562,0.45
3gTqF4Y2IzGuHbAcbjlv69,2j5jqlI0NvqlXAy9C740pZ,The Singles - Volume 01,2023-02-24,Heart In a Cage,2.91e-06,0.425,0.856,0.833,0.377,0.0394,0.125,140.058,-5.135,206429,0.32
1L0C3xvOtzHSOSZ5T59n0L,2j5jqlI0NvqlXAy9C740pZ,The Singles - Volume 01,2023-02-24,"I'll Try Anything Once (""You Only Live Once"" demo) - Heart In a Cage B-Side",0.985,0.468,0.264,0.0109,0.172,0.0503,0.324,119.422,-9.958,194651,0.55
0j2ETZsGM21Q3wKpVNBVJN,2j5jqlI0NvqlXAy9C740pZ,The Singles - Volume 01,2023-02-24,You Only Live Once,0.0243,0.63,0.907,0.599,0.118,0.0326,0.968,120.526,-2.42,186304,0.34
2sXWm9aau5alAxKifepUpA,2j5jqlI0NvqlXAy9C740pZ,The Singles - Volume 01,2023-02-24,Mercy Mercy Me (The Ecology) - You Only Live Once B-Side,6.9e-06,0.449,0.875,0.145,0.0664,0.062,0.804,91.956,-5.347,157920,0.35
1N69jb6aVka6678wLZzB4i,2j5jqlI0NvqlXAy9C740pZ,The Singles - Volume 01,2023-02-24,The Way It Is - Home Recording - 12:51 B-Side,0.153,0.661,0.994,0.783,0.0822,0.127,0.161,133.984,-6.081,76985,0.32
5KIYVXGdws1ZhZYNJHo0st,2j5jqlI0NvqlXAy9C740pZ,The Singles - Volume 01,2023-02-24,The Modern Age - Rough Trade Version,0.0224,0.493,0.787,0.00227,0.253,0.0334,0.88,160.12,-7.712,192854,0.4
